epoch,test_loss,test_acc,bkd_loss,bkd_acc,lr
-2,0.0023103153944015503,13.01,0.0023103153944015503,13.01,0.009979993331110371
-1,0.002155374574661255,23.82,0.002155374574661255,23.82,0.009986662220740248
0,0.002199175548553467,21.61,0.002199175548553467,21.61,0.009993331110370124
1,0.001868295168876648,30.8,0.001868295168876648,30.8,0.01
2,0.0018963075995445252,31.31,0.0018963075995445252,31.31,0.010006668889629877
3,0.001852402687072754,34.55,0.001852402687072754,34.55,0.010013337779259755
4,0.0017143696308135987,35.65,0.0017143696308135987,35.65,0.010020006668889631
5,0.0016410459637641907,39.46,0.0016410459637641907,39.46,0.010026675558519507
6,0.0015135532855987549,42.39,0.0015135532855987549,42.39,0.010033344448149384
7,0.0017267323851585389,35.13,0.0017267323851585389,35.13,0.01004001333777926
8,0.0015972473978996277,40.36,0.0015972473978996277,40.36,0.010046682227409136
9,0.001659464693069458,41.61,0.001659464693069458,41.61,0.010053351117039014
10,0.0015129671692848206,43.96,0.0015129671692848206,43.96,0.01006002000666889
11,0.0015381977796554566,43.64,0.0015381977796554566,43.64,0.010066688896298767
12,0.0014746788144111634,44.62,0.0014746788144111634,44.62,0.010073357785928643
13,0.001373861300945282,48.46,0.001373861300945282,48.46,0.01008002667555852
14,0.0015092531204223634,44.3,0.0015092531204223634,44.3,0.010086695565188398
15,0.0012995226144790649,51.06,0.0012995226144790649,51.06,0.010093364454818274
16,0.0014283636569976806,47.12,0.0014283636569976806,47.12,0.01010003334444815
17,0.0012664162755012512,53.37,0.0012664162755012512,53.37,0.010106702234078026
18,0.001292295503616333,53.13,0.001292295503616333,53.13,0.010113371123707903
19,0.0012770586133003235,53.32,0.0012770586133003235,53.32,0.010120040013337779
20,0.0013210333585739135,52.73,0.0013210333585739135,52.73,0.010126708902967657
21,0.001146087920665741,58.879999999999995,0.001146087920665741,58.879999999999995,0.010133377792597533
22,0.00126825053691864,54.21,0.00126825053691864,54.21,0.01014004668222741
23,0.0013542995929718016,51.339999999999996,0.0013542995929718016,51.339999999999996,0.010146715571857286
24,0.0014660146236419678,50.68,0.0014660146236419678,50.68,0.010153384461487162
25,0.001273607385158539,53.459999999999994,0.001273607385158539,53.459999999999994,0.010160053351117039
26,0.0011379958271980285,58.37,0.0011379958271980285,58.37,0.010166722240746917
27,0.0012084350228309631,56.07,0.0012084350228309631,56.07,0.010173391130376793
28,0.0011449313759803771,57.620000000000005,0.0011449313759803771,57.620000000000005,0.01018006002000667
29,0.0010972090244293212,60.480000000000004,0.0010972090244293212,60.480000000000004,0.010186728909636546
30,0.0010580442905426025,61.82,0.0010580442905426025,61.82,0.010193397799266422
31,0.0011438112258911133,59.330000000000005,0.0011438112258911133,59.330000000000005,0.0102000666888963
32,0.0011409632205963134,59.440000000000005,0.0011409632205963134,59.440000000000005,0.010206735578526176
33,0.0010473339796066284,62.31,0.0010473339796066284,62.31,0.010213404468156053
34,0.0010593142151832581,62.2,0.0010593142151832581,62.2,0.010220073357785929
35,0.0012047382712364197,54.510000000000005,0.0012047382712364197,54.510000000000005,0.010226742247415805
36,0.0011142832159996032,60.33,0.0011142832159996032,60.33,0.010233411137045682
37,0.0011051279425621033,60.019999999999996,0.0011051279425621033,60.019999999999996,0.01024008002667556
38,0.0012718361735343934,54.96,0.0012718361735343934,54.96,0.010246748916305436
39,0.0011798572540283204,59.01,0.0011798572540283204,59.01,0.010253417805935312
40,0.0010825731635093689,60.97,0.0010825731635093689,60.97,0.010260086695565189
41,0.001113358736038208,58.720000000000006,0.001113358736038208,58.720000000000006,0.010266755585195065
42,0.001007564640045166,63.53,0.001007564640045166,63.53,0.010273424474824941
43,0.0011029670596122742,60.6,0.0011029670596122742,60.6,0.01028009336445482
44,0.0009374158978462219,66.05,0.0009374158978462219,66.05,0.010286762254084696
45,0.0008920304834842682,68.0,0.0008920304834842682,68.0,0.010293431143714572
46,0.0009735250413417816,65.53,0.0009735250413417816,65.53,0.010300100033344448
47,0.0009722158193588257,65.42,0.0009722158193588257,65.42,0.010306768922974325
48,0.000949460881948471,65.19,0.000949460881948471,65.19,0.010313437812604203
49,0.0010653210043907165,62.029999999999994,0.0010653210043907165,62.029999999999994,0.010320106702234079
50,0.0011655730962753295,57.52,0.0011655730962753295,57.52,0.010326775591863955
51,0.0011236820816993714,61.24000000000001,0.0011236820816993714,61.24000000000001,0.010333444481493832
52,0.000928618049621582,67.67999999999999,0.000928618049621582,67.67999999999999,0.010340113371123708
53,0.0009342352867126465,65.46,0.0009342352867126465,65.46,0.010346782260753586
54,0.0008967028796672821,67.88,0.0008967028796672821,67.88,0.010353451150383462
55,0.0009227144002914428,66.66,0.0009227144002914428,66.66,0.010360120040013339
56,0.0010940934419631958,61.12,0.0010940934419631958,61.12,0.010366788929643215
57,0.0011004488706588746,63.4,0.0011004488706588746,63.4,0.010373457819273091
58,0.0009974840939044952,64.31,0.0009974840939044952,64.31,0.010380126708902968
59,0.0009278931438922882,67.97,0.0009278931438922882,67.97,0.010386795598532846
60,0.0008572589874267578,69.53,0.0008572589874267578,69.53,0.010393464488162722
61,0.001077347958087921,62.38,0.001077347958087921,62.38,0.010400133377792598
62,0.0010006782054901124,66.71000000000001,0.0010006782054901124,66.71000000000001,0.010406802267422475
63,0.0009760266482830047,66.94,0.0009760266482830047,66.94,0.01041347115705235
64,0.0008065540909767151,71.50999999999999,0.0008065540909767151,71.50999999999999,0.010420140046682227
65,0.0008070714294910431,70.91,0.0008070714294910431,70.91,0.010426808936312105
66,0.0007494313001632691,73.96000000000001,0.0007494313001632691,73.96000000000001,0.010433477825941982
67,0.0009221480667591095,67.65,0.0009221480667591095,67.65,0.010440146715571858
68,0.0008384716928005218,71.0,0.0008384716928005218,71.0,0.010446815605201734
69,0.0007435144305229187,74.37,0.0007435144305229187,74.37,0.01045348449483161
70,0.0007477145850658417,74.26,0.0007477145850658417,74.26,0.010460153384461488
71,0.0008290773510932922,70.61,0.0008290773510932922,70.61,0.010466822274091365
72,0.0008151438951492309,71.04,0.0008151438951492309,71.04,0.010473491163721241
73,0.0008455206096172333,70.64,0.0008455206096172333,70.64,0.010480160053351117
74,0.0007839904367923737,72.36,0.0007839904367923737,72.36,0.010486828942980994
75,0.0008782299995422363,69.47,0.0008782299995422363,69.47,0.01049349783261087
76,0.0009673556864261627,67.49000000000001,0.0009673556864261627,67.49000000000001,0.010500166722240748
77,0.0007852333009243012,72.19,0.0007852333009243012,72.19,0.010506835611870624
78,0.000770880389213562,73.42999999999999,0.000770880389213562,73.42999999999999,0.0105135045015005
79,0.0007302703022956848,74.6,0.0007302703022956848,74.6,0.010520173391130377
80,0.0008086612403392792,71.95,0.0008086612403392792,71.95,0.010526842280760253
81,0.0007137169182300568,75.31,0.0007137169182300568,75.31,0.01053351117039013
82,0.0007315705299377441,74.74,0.0007315705299377441,74.74,0.010540180060020008
83,0.0008880127012729645,69.15,0.0008880127012729645,69.15,0.010546848949649884
84,0.0008001554429531097,72.57000000000001,0.0008001554429531097,72.57000000000001,0.01055351783927976
85,0.000755638062953949,73.57000000000001,0.000755638062953949,73.57000000000001,0.010560186728909637
86,0.0008656727612018585,70.88,0.0008656727612018585,70.88,0.010566855618539513
87,0.0007752749383449554,72.31,0.0007752749383449554,72.31,0.010573524508169391
88,0.0007892655849456787,73.1,0.0007892655849456787,73.1,0.010580193397799267
89,0.0006669214487075805,76.98,0.0006669214487075805,76.98,0.010586862287429144
90,0.0006663366615772248,76.7,0.0006663366615772248,76.7,0.01059353117705902
91,0.0006479511797428131,78.09,0.0006479511797428131,78.09,0.010600200066688896
92,0.0006888886570930481,76.77000000000001,0.0006888886570930481,76.77000000000001,0.010606868956318774
93,0.0007827882409095764,73.32,0.0007827882409095764,73.32,0.01061353784594865
94,0.0007240002691745758,75.75,0.0007240002691745758,75.75,0.010620206735578527
95,0.0006937037348747254,76.79,0.0006937037348747254,76.79,0.010626875625208403
96,0.0006938513159751893,76.42,0.0006938513159751893,76.42,0.01063354451483828
97,0.0007758841097354889,74.03,0.0007758841097354889,74.03,0.010640213404468156
98,0.0007508668005466461,74.62,0.0007508668005466461,74.62,0.010646882294098034
99,0.0007179950952529907,74.99,0.0007179950952529907,74.99,0.01065355118372791
100,0.00069765744805336,76.11,0.00069765744805336,76.11,0.010660220073357787
101,0.0006805826067924499,77.17,0.0006805826067924499,77.17,0.010666888962987663
102,0.0006191959917545318,78.52,0.0006191959917545318,78.52,0.01067355785261754
103,0.0006174211204051971,78.64,0.0006174211204051971,78.64,0.010680226742247416
104,0.0006629483163356781,77.47,0.0006629483163356781,77.47,0.010686895631877294
105,0.0007010295689105988,75.73,0.0007010295689105988,75.73,0.01069356452150717
106,0.0007024379134178162,76.52,0.0007024379134178162,76.52,0.010700233411137046
107,0.0005964149832725525,79.72,0.0005964149832725525,79.72,0.010706902300766923
108,0.0006508427441120147,77.77,0.0006508427441120147,77.77,0.010713571190396799
109,0.0007299938201904296,75.07000000000001,0.0007299938201904296,75.07000000000001,0.010720240080026677
110,0.0006898398041725158,76.75,0.0006898398041725158,76.75,0.010726908969656553
111,0.0006776427924633027,76.33,0.0006776427924633027,76.33,0.01073357785928643
112,0.0006537879168987274,77.66,0.0006537879168987274,77.66,0.010740246748916306
113,0.0006161604523658753,79.19,0.0006161604523658753,79.19,0.010746915638546182
114,0.0006153866052627564,79.61,0.0006153866052627564,79.61,0.010753584528176059
115,0.0006639941811561584,76.97,0.0006639941811561584,76.97,0.010760253417805937
116,0.0007791229784488678,74.78,0.0007791229784488678,74.78,0.010766922307435813
117,0.0006839725434780121,77.17,0.0006839725434780121,77.17,0.01077359119706569
118,0.0007172349452972412,75.69,0.0007172349452972412,75.69,0.010780260086695565
119,0.0006351134359836578,78.2,0.0006351134359836578,78.2,0.010786928976325442
120,0.0006228457987308502,78.75999999999999,0.0006228457987308502,78.75999999999999,0.010793597865955318
121,0.000712247097492218,75.4,0.000712247097492218,75.4,0.010800266755585196
122,0.0007246318459510803,76.12,0.0007246318459510803,76.12,0.010806935645215072
123,0.0006075025796890258,79.25,0.0006075025796890258,79.25,0.010813604534844949
124,0.000654667192697525,77.3,0.000654667192697525,77.3,0.010820273424474825
125,0.0007558073580265045,75.21,0.0007558073580265045,75.21,0.010826942314104701
126,0.0007236537039279938,75.25,0.0007236537039279938,75.25,0.01083361120373458
127,0.000671133953332901,77.84,0.000671133953332901,77.84,0.010840280093364456
128,0.0007312140166759491,75.78,0.0007312140166759491,75.78,0.010846948982994332
129,0.0006264638721942902,78.60000000000001,0.0006264638721942902,78.60000000000001,0.010853617872624208
130,0.0006256241679191589,78.18,0.0006256241679191589,78.18,0.010860286762254085
131,0.0006579391062259674,77.37,0.0006579391062259674,77.37,0.010866955651883961
132,0.000615812748670578,78.41,0.000615812748670578,78.41,0.010873624541513839
133,0.0006477093160152435,78.32000000000001,0.0006477093160152435,78.32000000000001,0.010880293431143715
134,0.0005418356776237487,81.65,0.0005418356776237487,81.65,0.010886962320773592
135,0.0005928240358829499,80.06,0.0005928240358829499,80.06,0.010893631210403468
136,0.0006324755549430847,78.81,0.0006324755549430847,78.81,0.010900300100033344
137,0.0006386070728302002,78.53,0.0006386070728302002,78.53,0.010906968989663222
138,0.0006615590929985047,78.19,0.0006615590929985047,78.19,0.010913637879293099
139,0.0005679906725883484,80.77,0.0005679906725883484,80.77,0.010920306768922975
140,0.0006715359628200531,77.92999999999999,0.0006715359628200531,77.92999999999999,0.010926975658552851
141,0.0006797851622104645,77.79,0.0006797851622104645,77.79,0.010933644548182728
142,0.0006062787413597107,79.13,0.0006062787413597107,79.13,0.010940313437812604
143,0.0005396787434816361,81.99,0.0005396787434816361,81.99,0.010946982327442482
144,0.0005906201839447022,80.16,0.0005906201839447022,80.16,0.010953651217072358
145,0.0006356982052326203,78.79,0.0006356982052326203,78.79,0.010960320106702235
146,0.000665882521867752,77.64999999999999,0.000665882521867752,77.64999999999999,0.010966988996332111
147,0.0005302412331104279,82.45,0.0005302412331104279,82.45,0.010973657885961987
148,0.0005890492856502533,80.31,0.0005890492856502533,80.31,0.010980326775591865
149,0.000650970196723938,78.48,0.000650970196723938,78.48,0.010986995665221742
150,0.0006339614510536194,78.99000000000001,0.0006339614510536194,78.99000000000001,0.010993664554851618
151,0.0005434324204921723,81.14,0.0005434324204921723,81.14,0.011000333444481494
152,0.0005434250593185425,81.77,0.0005434250593185425,81.77,0.01100700233411137
153,0.0006275564551353455,78.59,0.0006275564551353455,78.59,0.011013671223741247
154,0.0006787062346935273,77.63,0.0006787062346935273,77.63,0.011020340113371125
155,0.0005380006670951843,81.82000000000001,0.0005380006670951843,81.82000000000001,0.011027009003001001
156,0.0005592088282108307,81.57,0.0005592088282108307,81.57,0.011033677892630878
157,0.0005355215549468994,81.84,0.0005355215549468994,81.84,0.011040346782260754
158,0.0005553438484668732,81.32000000000001,0.0005553438484668732,81.32000000000001,0.01104701567189063
159,0.0006673210144042969,78.67,0.0006673210144042969,78.67,0.011053684561520507
160,0.0006470176875591279,78.4,0.0006470176875591279,78.4,0.011060353451150385
161,0.0005604173541069031,81.16,0.0005604173541069031,81.16,0.011067022340780261
162,0.0006434302985668183,77.91,0.0006434302985668183,77.91,0.011073691230410137
163,0.0006641899049282074,77.75,0.0006641899049282074,77.75,0.011080360120040014
164,0.0005053040325641632,83.23,0.0005053040325641632,83.23,0.01108702900966989
165,0.000580854094028473,79.89,0.000580854094028473,79.89,0.011093697899299768
166,0.0005135769963264465,82.38,0.0005135769963264465,82.38,0.011100366788929644
167,0.0006059415102005005,80.31,0.0006059415102005005,80.31,0.01110703567855952
168,0.0005174850314855576,82.42,0.0005174850314855576,82.42,0.011113704568189397
169,0.0005526240706443786,81.66,0.0005526240706443786,81.66,0.011120373457819273
170,0.0005210452735424042,82.48,0.0005210452735424042,82.48,0.01112704234744915
171,0.0005233108699321747,82.35,0.0005233108699321747,82.35,0.011133711237079028
172,0.0005786209344863892,81.12,0.0005786209344863892,81.12,0.011140380126708904
173,0.000595652973651886,80.33,0.000595652973651886,80.33,0.01114704901633878
174,0.0005854061841964722,80.96,0.0005854061841964722,80.96,0.011153717905968656
175,0.0005319836378097534,82.28999999999999,0.0005319836378097534,82.28999999999999,0.011160386795598533
176,0.000555425900220871,81.43,0.000555425900220871,81.43,0.011167055685228409
177,0.0006168007552623749,79.91,0.0006168007552623749,79.91,0.011173724574858287
178,0.0005318586051464081,82.52000000000001,0.0005318586051464081,82.52000000000001,0.011180393464488163
179,0.0005414014369249344,82.66,0.0005414014369249344,82.66,0.01118706235411804
180,0.0005322914242744446,82.53,0.0005322914242744446,82.53,0.011193731243747916
181,0.0005998751223087311,80.52,0.0005998751223087311,80.52,0.011200400133377792
182,0.0007280845403671264,76.48,0.0007280845403671264,76.48,0.01120706902300767
183,0.0004976592421531678,83.52000000000001,0.0004976592421531678,83.52000000000001,0.011213737912637547
184,0.0005274173825979233,82.13000000000001,0.0005274173825979233,82.13000000000001,0.011220406802267423
185,0.0005118954539299011,82.56,0.0005118954539299011,82.56,0.0112270756918973
186,0.0005182797700166702,82.49,0.0005182797700166702,82.49,0.011233744581527176
187,0.0006034633338451385,79.67,0.0006034633338451385,79.67,0.011240413471157054
188,0.0005324883610010147,82.80999999999999,0.0005324883610010147,82.80999999999999,0.01124708236078693
189,0.000509259694814682,82.59,0.000509259694814682,82.59,0.011253751250416806
190,0.000522941854596138,82.67999999999999,0.000522941854596138,82.67999999999999,0.011260420140046683
191,0.0006384502649307251,79.3,0.0006384502649307251,79.3,0.011267089029676559
192,0.00048139522671699524,84.11999999999999,0.00048139522671699524,84.11999999999999,0.011273757919306435
193,0.0007106548011302948,77.52,0.0007106548011302948,77.52,0.011280426808936312
194,0.0007790159344673157,75.46000000000001,0.0007790159344673157,75.46000000000001,0.01128709569856619
195,0.0005646911561489105,81.67999999999999,0.0005646911561489105,81.67999999999999,0.011293764588196066
196,0.0005932909905910492,80.55,0.0005932909905910492,80.55,0.011300433477825942
197,0.0005310998141765594,82.03,0.0005310998141765594,82.03,0.011307102367455819
198,0.0006218633949756623,79.83,0.0006218633949756623,79.83,0.011313771257085695
199,0.0004824835419654846,83.98,0.0004824835419654846,83.98,0.011320440146715573
200,0.0005370755255222321,81.8,0.0005370755255222321,81.8,0.01132710903634545
201,0.0005138015866279602,82.91,0.0005138015866279602,82.91,0.011333777925975326
202,0.000719258189201355,77.07000000000001,0.000719258189201355,77.07000000000001,0.011340446815605202
203,0.0005770928978919982,81.05,0.0005770928978919982,81.05,0.011347115705235078
204,0.0005817367374897003,80.77,0.0005817367374897003,80.77,0.011353784594864956
205,0.0005208183705806732,83.06,0.0005208183705806732,83.06,0.011360453484494833
206,0.000548894464969635,82.23,0.000548894464969635,82.23,0.011367122374124709
207,0.0005825388848781586,81.56,0.0005825388848781586,81.56,0.011373791263754585
208,0.0005025968372821808,83.22,0.0005025968372821808,83.22,0.011380460153384462
209,0.0005153249770402909,82.09,0.0005153249770402909,82.09,0.011387129043014338
210,0.0005337903708219528,82.67,0.0005337903708219528,82.67,0.011393797932644216
211,0.0005517879784107208,81.73,0.0005517879784107208,81.73,0.011400466822274092
212,0.0005887086927890778,80.07,0.0005887086927890778,80.07,0.011407135711903969
213,0.0006165734589099884,79.97,0.0006165734589099884,79.97,0.011413804601533845
214,0.0006200784981250763,80.2,0.0006200784981250763,80.2,0.011420473491163721
215,0.0005598841190338135,81.63,0.0005598841190338135,81.63,0.011427142380793598
216,0.0005766830444335938,80.97,0.0005766830444335938,80.97,0.011433811270423476
217,0.0005064429134130477,82.96,0.0005064429134130477,82.96,0.011440480160053352
218,0.0005906572878360748,81.23,0.0005906572878360748,81.23,0.011447149049683228
219,0.0005345611929893493,83.08,0.0005345611929893493,83.08,0.011453817939313105
220,0.0005175095468759537,82.87,0.0005175095468759537,82.87,0.01146048682894298
221,0.0005478178262710571,82.19,0.0005478178262710571,82.19,0.011467155718572859
222,0.0005826271295547485,80.28999999999999,0.0005826271295547485,80.28999999999999,0.011473824608202735
223,0.0006189282357692719,80.9,0.0006189282357692719,80.9,0.011480493497832612
224,0.0005801914691925049,80.74,0.0005801914691925049,80.74,0.011487162387462488
225,0.0006637458324432373,78.53999999999999,0.0006637458324432373,78.53999999999999,0.011493831277092364
226,0.0005300004065036774,82.27,0.0005300004065036774,82.27,0.011500500166722242
227,0.0005173087298870086,83.15,0.0005173087298870086,83.15,0.011507169056352119
228,0.0005298402965068817,82.71,0.0005298402965068817,82.71,0.011513837945981995
229,0.0004591368079185486,84.8,0.0004591368079185486,84.8,0.011520506835611871
230,0.0004914495825767517,84.06,0.0004914495825767517,84.06,0.011527175725241747
231,0.0005223251730203628,82.15,0.0005223251730203628,82.15,0.011533844614871624
232,0.0004969801247119904,83.50999999999999,0.0004969801247119904,83.50999999999999,0.0115405135045015
233,0.0004746999770402908,84.19,0.0004746999770402908,84.19,0.011547182394131378
234,0.0005268853008747101,82.8,0.0005268853008747101,82.8,0.011553851283761254
235,0.0005476542949676514,82.08,0.0005476542949676514,82.08,0.01156052017339113
236,0.0005088673502206802,83.26,0.0005088673502206802,83.26,0.011567189063021007
237,0.0006264741122722626,79.82000000000001,0.0006264741122722626,79.82000000000001,0.011573857952650883
238,0.0005855369210243226,80.97999999999999,0.0005855369210243226,80.97999999999999,0.011580526842280761
239,0.0005040583729743958,83.44,0.0005040583729743958,83.44,0.011587195731910638
240,0.0005108429133892059,83.39999999999999,0.0005108429133892059,83.39999999999999,0.011593864621540514
241,0.000493671315908432,83.41,0.000493671315908432,83.41,0.01160053351117039
242,0.0005009697198867798,83.97,0.0005009697198867798,83.97,0.011607202400800267
243,0.0004556167781352997,85.27,0.0004556167781352997,85.27,0.011613871290430145
244,0.0006301378965377808,80.46,0.0006301378965377808,80.46,0.011620540180060021
245,0.0006314331829547882,80.28,0.0006314331829547882,80.28,0.011627209069689897
246,0.0005199636846780777,83.02000000000001,0.0005199636846780777,83.02000000000001,0.011633877959319774
247,0.0004975861608982087,83.73,0.0004975861608982087,83.73,0.01164054684894965
248,0.0005303809314966202,82.19,0.0005303809314966202,82.19,0.011647215738579526
249,0.0004964588701725006,83.97,0.0004964588701725006,83.97,0.011653884628209404
250,0.0004663323372602463,84.54,0.0004663323372602463,84.54,0.01166055351783928
251,0.0004782780826091766,83.93,0.0004782780826091766,83.93,0.011667222407469157
252,0.0005034377068281173,83.17999999999999,0.0005034377068281173,83.17999999999999,0.011673891297099033
253,0.0005671962261199951,81.55,0.0005671962261199951,81.55,0.01168056018672891
254,0.0005758071005344391,81.5,0.0005758071005344391,81.5,0.011687229076358786
255,0.0004929097354412079,83.67999999999999,0.0004929097354412079,83.67999999999999,0.011693897965988664
256,0.0005071767568588256,83.38,0.0005071767568588256,83.38,0.01170056685561854
257,0.000537467908859253,82.50999999999999,0.000537467908859253,82.50999999999999,0.011707235745248417
258,0.00048543642759323123,83.96000000000001,0.00048543642759323123,83.96000000000001,0.011713904634878293
259,0.0005763990402221679,81.31,0.0005763990402221679,81.31,0.01172057352450817
260,0.00046470418572425843,84.47,0.00046470418572425843,84.47,0.011727242414138047
261,0.0007051871955394745,78.53999999999999,0.0007051871955394745,78.53999999999999,0.011733911303767924
262,0.0007695691704750061,76.13,0.0007695691704750061,76.13,0.0117405801933978
263,0.0004936485439538956,83.54,0.0004936485439538956,83.54,0.011747249083027676
264,0.000495103433728218,84.26,0.000495103433728218,84.26,0.011753917972657553
265,0.000456891468167305,84.69,0.000456891468167305,84.69,0.011760586862287429
266,0.000457660698890686,84.76,0.000457660698890686,84.76,0.011767255751917307
267,0.0005567154169082641,82.19999999999999,0.0005567154169082641,82.19999999999999,0.011773924641547183
268,0.0004826038122177124,83.97,0.0004826038122177124,83.97,0.01178059353117706
269,0.00048223442137241364,84.14,0.00048223442137241364,84.14,0.011787262420806936
270,0.00055923313498497,81.42,0.00055923313498497,81.42,0.011793931310436812
271,0.0004669602274894714,84.85000000000001,0.0004669602274894714,84.85000000000001,0.011800600200066689
272,0.0004883558422327041,83.8,0.0004883558422327041,83.8,0.011807269089696567
273,0.000552309188246727,82.06,0.000552309188246727,82.06,0.011813937979326443
274,0.0005833085119724274,81.33,0.0005833085119724274,81.33,0.01182060686895632
275,0.0007135248839855194,77.88000000000001,0.0007135248839855194,77.88000000000001,0.011827275758586196
276,0.00047491196393966676,84.63000000000001,0.00047491196393966676,84.63000000000001,0.011833944648216072
277,0.0004790224552154541,84.28,0.0004790224552154541,84.28,0.01184061353784595
278,0.00045768482983112334,84.77,0.00045768482983112334,84.77,0.011847282427475826
279,0.0004922071188688278,83.99,0.0004922071188688278,83.99,0.011853951317105703
280,0.0004892211735248566,84.15,0.0004892211735248566,84.15,0.011860620206735579
281,0.000517825797200203,83.39,0.000517825797200203,83.39,0.011867289096365455
282,0.00042218089401721955,86.31,0.00042218089401721955,86.31,0.011873957985995331
283,0.00048781505823135377,84.16,0.00048781505823135377,84.16,0.01188062687562521
284,0.00044644744992256165,85.83,0.00044644744992256165,85.83,0.011887295765255086
285,0.0006352249145507812,80.34,0.0006352249145507812,80.34,0.011893964654884962
286,0.0005227233201265335,83.17999999999999,0.0005227233201265335,83.17999999999999,0.011900633544514838
287,0.0005253916174173355,82.72,0.0005253916174173355,82.72,0.011907302434144715
288,0.00043619341254234314,85.53,0.00043619341254234314,85.53,0.011913971323774591
289,0.0004945470035076141,83.86,0.0004945470035076141,83.86,0.01192064021340447
290,0.0005216335117816925,83.28999999999999,0.0005216335117816925,83.28999999999999,0.011927309103034345
291,0.00044526112377643584,85.45,0.00044526112377643584,85.45,0.011933977992664222
292,0.0005434795171022415,82.28999999999999,0.0005434795171022415,82.28999999999999,0.011940646882294098
293,0.0004336012989282608,85.79,0.0004336012989282608,85.79,0.011947315771923974
294,0.0005616519749164581,82.09,0.0005616519749164581,82.09,0.011953984661553852
295,0.0004971035897731781,83.78999999999999,0.0004971035897731781,83.78999999999999,0.011960653551183729
296,0.0005087566435337066,83.12,0.0005087566435337066,83.12,0.011967322440813605
297,0.00046966736316680907,84.49,0.00046966736316680907,84.49,0.011973991330443481
298,0.0005454213321208954,82.74000000000001,0.0005454213321208954,82.74000000000001,0.011980660220073358
299,0.0004998309254646301,83.83,0.0004998309254646301,83.83,0.011987329109703236
300,0.0005999702215194702,80.73,0.0005999702215194702,80.73,0.011993997999333112
301,0.0004862545281648636,83.85000000000001,0.0004862545281648636,83.85000000000001,0.012000666888962988
302,0.0004516074299812317,85.3,0.0004516074299812317,85.3,0.012007335778592865
303,0.0004354444772005081,85.53,0.0004354444772005081,85.53,0.012014004668222741
304,0.0005058868497610093,83.89,0.0005058868497610093,83.89,0.012020673557852619
305,0.0005495237797498703,82.82000000000001,0.0005495237797498703,82.82000000000001,0.012027342447482495
306,0.00048700933754444124,84.2,0.00048700933754444124,84.2,0.012034011337112372
307,0.000508562770485878,83.59,0.000508562770485878,83.59,0.012040680226742248
308,0.0005630875647068024,82.06,0.0005630875647068024,82.06,0.012047349116372124
309,0.0005978658497333526,81.28999999999999,0.0005978658497333526,81.28999999999999,0.012054018006002
310,0.0004646265864372253,85.3,0.0004646265864372253,85.3,0.012060686895631877
311,0.0004220994770526886,86.33,0.0004220994770526886,86.33,0.012067355785261755
312,0.0004438814043998718,85.72,0.0004438814043998718,85.72,0.012074024674891631
313,0.0005285384446382523,82.93,0.0005285384446382523,82.93,0.012080693564521508
314,0.00046323337852954865,85.14,0.00046323337852954865,85.14,0.012087362454151384
315,0.0004892726361751556,84.72,0.0004892726361751556,84.72,0.01209403134378126
316,0.0005525630861520767,82.58,0.0005525630861520767,82.58,0.012100700233411138
317,0.0004275698870420456,86.06,0.0004275698870420456,86.06,0.012107369123041015
318,0.0004664359986782074,84.73,0.0004664359986782074,84.73,0.012114038012670891
319,0.0004334410220384598,85.86,0.0004334410220384598,85.86,0.012120706902300767
320,0.000458969435095787,85.11,0.000458969435095787,85.11,0.012127375791930644
321,0.0006269392609596253,80.31,0.0006269392609596253,80.31,0.012134044681560522
322,0.0005115736663341522,84.04,0.0005115736663341522,84.04,0.012140713571190398
323,0.0004085911154747009,86.89,0.0004085911154747009,86.89,0.012147382460820274
324,0.0005462221413850784,82.57,0.0005462221413850784,82.57,0.01215405135045015
325,0.0004660483658313751,84.55,0.0004660483658313751,84.55,0.012160720240080027
326,0.0004351892590522766,85.7,0.0004351892590522766,85.7,0.012167389129709905
327,0.0008034300267696381,77.14,0.0008034300267696381,77.14,0.01217405801933978
328,0.0005009187161922455,83.74000000000001,0.0005009187161922455,83.74000000000001,0.012180726908969658
329,0.0004592415064573288,85.61,0.0004592415064573288,85.61,0.012187395798599534
330,0.0004312530994415283,86.19,0.0004312530994415283,86.19,0.01219406468822941
331,0.00046038477420806885,84.86,0.00046038477420806885,84.86,0.012200733577859287
332,0.0004890659183263778,84.74000000000001,0.0004890659183263778,84.74000000000001,0.012207402467489163
333,0.0004186814248561859,86.58,0.0004186814248561859,86.58,0.012214071357119041
334,0.00045038307309150697,85.89,0.00045038307309150697,85.89,0.012220740246748917
335,0.0005326007008552552,83.39999999999999,0.0005326007008552552,83.39999999999999,0.012227409136378794
336,0.00044769215881824493,85.49,0.00044769215881824493,85.49,0.01223407802600867
337,0.0006703030109405518,80.14,0.0006703030109405518,80.14,0.012240746915638546
338,0.0005692720472812653,81.38,0.0005692720472812653,81.38,0.012247415805268424
339,0.0004764425367116928,85.0,0.0004764425367116928,85.0,0.0122540846948983
340,0.0004397590398788452,85.69,0.0004397590398788452,85.69,0.012260753584528177
341,0.0004375813603401184,86.18,0.0004375813603401184,86.18,0.012267422474158053
342,0.0005705733925104141,82.3,0.0005705733925104141,82.3,0.01227409136378793
343,0.0005025396227836609,83.98,0.0005025396227836609,83.98,0.012280760253417808
344,0.0005904941976070404,81.75,0.0005904941976070404,81.75,0.012287429143047682
345,0.000701893675327301,79.06,0.000701893675327301,79.06,0.01229409803267756
346,0.0005460243910551071,81.86,0.0005460243910551071,81.86,0.012300766922307436
347,0.00043843008577823636,86.03,0.00043843008577823636,86.03,0.012307435811937313
348,0.00042191616892814636,86.06,0.00042191616892814636,86.06,0.012314104701567189
349,0.0004835024744272232,84.52,0.0004835024744272232,84.52,0.012320773591197065
350,0.0004673808813095093,85.26,0.0004673808813095093,85.26,0.012327442480826943
351,0.0004047714352607727,86.92,0.0004047714352607727,86.92,0.01233411137045682
352,0.0005007366955280304,84.49,0.0005007366955280304,84.49,0.012340780260086696
353,0.0006375143349170685,80.66,0.0006375143349170685,80.66,0.012347449149716572
354,0.0005342213362455368,82.96,0.0005342213362455368,82.96,0.012354118039346449
355,0.00043380575776100157,86.24000000000001,0.00043380575776100157,86.24000000000001,0.012360786928976327
356,0.00041436001956462863,86.57000000000001,0.00041436001956462863,86.57000000000001,0.012367455818606203
357,0.0004417721301317215,85.92999999999999,0.0004417721301317215,85.92999999999999,0.01237412470823608
358,0.0004512530356645584,84.99,0.0004512530356645584,84.99,0.012380793597865956
359,0.0004182113945484161,86.50999999999999,0.0004182113945484161,86.50999999999999,0.012387462487495832
360,0.0004448018729686737,86.31,0.0004448018729686737,86.31,0.01239413137712571
361,0.00048146781623363495,84.63000000000001,0.00048146781623363495,84.63000000000001,0.012400800266755585
362,0.0004295586198568344,86.25,0.0004295586198568344,86.25,0.012407469156385463
363,0.0005144510477781296,84.38,0.0005144510477781296,84.38,0.012414138046015339
364,0.000621947169303894,81.46,0.000621947169303894,81.46,0.012420806935645215
365,0.000438215446472168,85.49,0.000438215446472168,85.49,0.012427475825275092
366,0.00042113151252269745,86.19,0.00042113151252269745,86.19,0.012434144714904968
367,0.000574575001001358,82.09,0.000574575001001358,82.09,0.012440813604534846
368,0.00041250405311584474,86.49,0.00041250405311584474,86.49,0.012447482494164722
369,0.00044621258080005646,85.75,0.00044621258080005646,85.75,0.012454151383794599
370,0.0004198295533657074,86.33,0.0004198295533657074,86.33,0.012460820273424475
371,0.0004452837914228439,85.53,0.0004452837914228439,85.53,0.012467489163054351
372,0.00045735185146331787,85.17,0.00045735185146331787,85.17,0.01247415805268423
373,0.000453657403588295,85.6,0.000453657403588295,85.6,0.012480826942314106
374,0.00046540243327617645,85.1,0.00046540243327617645,85.1,0.012487495831943982
375,0.0004742737352848053,85.16,0.0004742737352848053,85.16,0.012494164721573858
376,0.00045515026450157166,85.22,0.00045515026450157166,85.22,0.012500833611203735
377,0.00043366651237010953,85.97,0.00043366651237010953,85.97,0.012507502500833613
378,0.0004265207946300507,86.44,0.0004265207946300507,86.44,0.012514171390463489
379,0.0003980076014995575,86.98,0.0003980076014995575,86.98,0.012520840280093365
380,0.00043512516021728515,85.81,0.00043512516021728515,85.81,0.012527509169723242
381,0.00044617571532726285,85.68,0.00044617571532726285,85.68,0.012534178059353118
382,0.0004106382519006729,86.71,0.0004106382519006729,86.71,0.012540846948982996
383,0.0004909554302692413,84.78999999999999,0.0004909554302692413,84.78999999999999,0.01254751583861287
384,0.00045729292333126066,85.68,0.00045729292333126066,85.68,0.012554184728242749
385,0.000605296391248703,81.78999999999999,0.000605296391248703,81.78999999999999,0.012560853617872625
386,0.00043526256382465364,86.06,0.00043526256382465364,86.06,0.012567522507502501
387,0.00047298358380794525,85.36,0.00047298358380794525,85.36,0.012574191397132378
388,0.0004881569296121597,84.27,0.0004881569296121597,84.27,0.012580860286762254
389,0.0005414759635925293,82.92,0.0005414759635925293,82.92,0.012587529176392132
390,0.00044977097809314727,85.95,0.00044977097809314727,85.95,0.012594198066022008
391,0.0003995888590812683,87.28,0.0003995888590812683,87.28,0.012600866955651885
392,0.0004195281445980072,86.15,0.0004195281445980072,86.15,0.01260753584528176
393,0.0003916432857513428,87.25,0.0003916432857513428,87.25,0.012614204734911637
394,0.00041647288501262664,86.53999999999999,0.00041647288501262664,86.53999999999999,0.012620873624541515
395,0.00043246804177761076,86.46000000000001,0.00043246804177761076,86.46000000000001,0.012627542514171392
396,0.00047691655158996584,85.16,0.00047691655158996584,85.16,0.012634211403801268
397,0.0004274608463048935,86.25,0.0004274608463048935,86.25,0.012640880293431144
398,0.0004108796089887619,87.21,0.0004108796089887619,87.21,0.01264754918306102
399,0.0004035002946853638,87.53,0.0004035002946853638,87.53,0.012654218072690899
400,0.00043039593994617463,86.44,0.00043039593994617463,86.44,0.012660886962320773
401,0.00043148329555988313,86.82,0.00043148329555988313,86.82,0.012667555851950651
402,0.00043347617089748385,86.18,0.00043347617089748385,86.18,0.012674224741580527
403,0.0004663026839494705,85.37,0.0004663026839494705,85.37,0.012680893631210404
404,0.000398537740111351,87.28,0.000398537740111351,87.28,0.01268756252084028
405,0.0004170405179262161,86.83,0.0004170405179262161,86.83,0.012694231410470156
406,0.00046147962510585786,84.88,0.00046147962510585786,84.88,0.012700900300100034
407,0.0006931395769119263,79.69000000000001,0.0006931395769119263,79.69000000000001,0.01270756918972991
408,0.00045741654336452486,85.28999999999999,0.00045741654336452486,85.28999999999999,0.012714238079359787
409,0.00041990827023983,86.88,0.00041990827023983,86.88,0.012720906968989663
410,0.0004402278065681457,86.26,0.0004402278065681457,86.26,0.01272757585861954
411,0.0004438482612371445,85.45,0.0004438482612371445,85.45,0.012734244748249418
412,0.00043674083352088927,86.11,0.00043674083352088927,86.11,0.012740913637879294
413,0.0004924233943223953,84.83000000000001,0.0004924233943223953,84.83000000000001,0.01274758252750917
414,0.00039246838092803953,87.45,0.00039246838092803953,87.45,0.012754251417139047
415,0.0003733524739742279,87.97,0.0003733524739742279,87.97,0.012760920306768923
416,0.00046414844393730164,85.28,0.00046414844393730164,85.28,0.012767589196398801
417,0.000504423788189888,84.46000000000001,0.000504423788189888,84.46000000000001,0.012774258086028676
418,0.00040900430381298066,87.03999999999999,0.00040900430381298066,87.03999999999999,0.012780926975658554
419,0.0004044863522052765,87.29,0.0004044863522052765,87.29,0.01278759586528843
420,0.0004022299587726593,87.39,0.0004022299587726593,87.39,0.012794264754918306
421,0.00042362488210201263,86.91,0.00042362488210201263,86.91,0.012800933644548183
422,0.0004528485745191574,85.53,0.0004528485745191574,85.53,0.012807602534178059
423,0.0004548178166151047,86.00999999999999,0.0004548178166151047,86.00999999999999,0.012814271423807937
424,0.00045429083704948424,85.66,0.00045429083704948424,85.66,0.012820940313437813
425,0.0004910691499710083,84.83000000000001,0.0004910691499710083,84.83000000000001,0.01282760920306769
426,0.00042554429173469546,86.39,0.00042554429173469546,86.39,0.012834278092697566
427,0.0003948209047317505,87.29,0.0003948209047317505,87.29,0.012840946982327442
428,0.00044911542534828186,86.3,0.00044911542534828186,86.3,0.01284761587195732
429,0.00044040430188179016,86.42999999999999,0.00044040430188179016,86.42999999999999,0.012854284761587197
430,0.0004468480944633484,85.7,0.0004468480944633484,85.7,0.012860953651217073
431,0.00043121052682399747,86.42999999999999,0.00043121052682399747,86.42999999999999,0.01286762254084695
432,0.00045285007059574125,86.04,0.00045285007059574125,86.04,0.012874291430476826
433,0.00041263329982757567,86.59,0.00041263329982757567,86.59,0.012880960320106704
434,0.0004413500487804413,86.61,0.0004413500487804413,86.61,0.012887629209736578
435,0.0005200822710990906,83.8,0.0005200822710990906,83.8,0.012894298099366456
436,0.0005135124951601028,84.39,0.0005135124951601028,84.39,0.012900966988996333
437,0.00046211114525794984,85.55,0.00046211114525794984,85.55,0.012907635878626209
438,0.00044488049447536466,85.99,0.00044488049447536466,85.99,0.012914304768256085
439,0.0004619823634624481,85.83,0.0004619823634624481,85.83,0.012920973657885962
440,0.00039366262257099153,87.85,0.00039366262257099153,87.85,0.01292764254751584
441,0.00042448750138282776,86.39,0.00042448750138282776,86.39,0.012934311437145716
442,0.0004222625821828842,86.72999999999999,0.0004222625821828842,86.72999999999999,0.012940980326775592
443,0.0004626600533723831,85.37,0.0004626600533723831,85.37,0.012947649216405469
444,0.0005162733227014541,84.1,0.0005162733227014541,84.1,0.012954318106035345
445,0.00041876846551895143,86.47,0.00041876846551895143,86.47,0.012960986995665223
446,0.00044844094514846804,85.96000000000001,0.00044844094514846804,85.96000000000001,0.0129676558852951
447,0.00044261211454868314,86.33999999999999,0.00044261211454868314,86.33999999999999,0.012974324774924976
448,0.000500758108496666,84.64,0.000500758108496666,84.64,0.012980993664554852
449,0.00039147440493106844,87.7,0.00039147440493106844,87.7,0.012987662554184728
450,0.0004104171901941299,87.41,0.0004104171901941299,87.41,0.012994331443814606
451,0.00042029784321784974,86.83,0.00042029784321784974,86.83,0.013001000333444482
452,0.00042575390338897703,86.85000000000001,0.00042575390338897703,86.85000000000001,0.013007669223074359
453,0.00046186026036739347,85.50999999999999,0.00046186026036739347,85.50999999999999,0.013014338112704235
454,0.0004700843781232834,85.3,0.0004700843781232834,85.3,0.013021007002334111
455,0.00043079566061496734,86.17,0.00043079566061496734,86.17,0.013027675891963988
456,0.00043220582604408265,86.85000000000001,0.00043220582604408265,86.85000000000001,0.013034344781593866
457,0.00046887710690498354,85.27,0.00046887710690498354,85.27,0.013041013671223742
458,0.0005745368331670761,83.15,0.0005745368331670761,83.15,0.013047682560853618
459,0.0004434250146150589,86.21,0.0004434250146150589,86.21,0.013054351450483495
460,0.0004254543840885162,87.01,0.0004254543840885162,87.01,0.013061020340113373
461,0.00043663101494312284,86.68,0.00043663101494312284,86.68,0.013067689229743249
462,0.0004019915461540222,87.41,0.0004019915461540222,87.41,0.013074358119373125
463,0.0004450975358486176,86.61,0.0004450975358486176,86.61,0.013081027009003002
464,0.0005310932457447052,83.77,0.0005310932457447052,83.77,0.013087695898632878
465,0.0005074435174465179,84.73,0.0005074435174465179,84.73,0.013094364788262754
466,0.00044428629279136657,86.06,0.00044428629279136657,86.06,0.01310103367789263
467,0.00045230412781238556,85.68,0.00045230412781238556,85.68,0.013107702567522509
468,0.000557915723323822,83.46000000000001,0.000557915723323822,83.46000000000001,0.013114371457152385
469,0.0004909054756164551,84.61999999999999,0.0004909054756164551,84.61999999999999,0.013121040346782261
470,0.00040827374458312987,87.52,0.00040827374458312987,87.52,0.013127709236412138
471,0.00040705758929252624,87.46000000000001,0.00040705758929252624,87.46000000000001,0.013134378126042014
472,0.0004041320860385895,87.37,0.0004041320860385895,87.37,0.013141047015671892
473,0.00048390978872776033,85.26,0.00048390978872776033,85.26,0.013147715905301768
474,0.0004309149384498596,86.42999999999999,0.0004309149384498596,86.42999999999999,0.013154384794931645
475,0.0004811856269836426,84.8,0.0004811856269836426,84.8,0.013161053684561521
476,0.0004794409096240997,85.76,0.0004794409096240997,85.76,0.013167722574191397
477,0.0004111905336380005,87.08,0.0004111905336380005,87.08,0.013174391463821275
478,0.00038348609805107116,88.06,0.00038348609805107116,88.06,0.013181060353451152
479,0.00040907192826271057,87.05000000000001,0.00040907192826271057,87.05000000000001,0.013187729243081028
480,0.00039854197800159456,87.46000000000001,0.00039854197800159456,87.46000000000001,0.013194398132710904
481,0.0004007938653230667,87.58,0.0004007938653230667,87.58,0.01320106702234078
482,0.00039351442158222196,87.7,0.00039351442158222196,87.7,0.013207735911970659
483,0.0004026723116636276,87.46000000000001,0.0004026723116636276,87.46000000000001,0.013214404801600533
484,0.0004180307686328888,87.19,0.0004180307686328888,87.19,0.013221073691230411
485,0.00044098681807518006,86.55000000000001,0.00044098681807518006,86.55000000000001,0.013227742580860288
486,0.0004824139446020126,84.76,0.0004824139446020126,84.76,0.013234411470490164
487,0.0004168439596891403,87.1,0.0004168439596891403,87.1,0.01324108036012004
488,0.0004428884267807007,86.88,0.0004428884267807007,86.88,0.013247749249749917
489,0.0004446987718343735,86.13,0.0004446987718343735,86.13,0.013254418139379795
490,0.0004728203773498535,85.66,0.0004728203773498535,85.66,0.013261087029009671
491,0.0005136066734790802,84.42,0.0005136066734790802,84.42,0.013267755918639547
492,0.00041080423891544344,87.08,0.00041080423891544344,87.08,0.013274424808269424
493,0.0005439638435840606,83.48,0.0005439638435840606,83.48,0.0132810936978993
494,0.0004425662785768509,86.31,0.0004425662785768509,86.31,0.013287762587529178
495,0.00044431976079940794,86.81,0.00044431976079940794,86.81,0.013294431477159054
496,0.000379502135515213,88.33,0.000379502135515213,88.33,0.01330110036678893
497,0.0003978853017091751,87.64,0.0003978853017091751,87.64,0.013307769256418807
498,0.0003984339326620102,87.56,0.0003984339326620102,87.56,0.013314438146048683
499,0.0004551583766937256,85.87,0.0004551583766937256,85.87,0.013321107035678561
500,0.00042799684703350067,86.82,0.00042799684703350067,86.82,0.013327775925308436
501,0.00040634201169013976,87.64,0.00040634201169013976,87.64,0.013334444814938314
502,0.00039764143824577334,87.1,0.00039764143824577334,87.1,0.01334111370456819
503,0.00041961003541946413,87.2,0.00041961003541946413,87.2,0.013347782594198066
504,0.00040964195728302003,87.36,0.00040964195728302003,87.36,0.013354451483827943
505,0.0003921795725822449,88.06,0.0003921795725822449,88.06,0.013361120373457819
506,0.0003837997943162918,88.11,0.0003837997943162918,88.11,0.013367789263087697
507,0.0004181995987892151,87.06,0.0004181995987892151,87.06,0.013374458152717573
508,0.00042867716252803804,87.14,0.00042867716252803804,87.14,0.01338112704234745
509,0.0004500961244106293,86.55000000000001,0.0004500961244106293,86.55000000000001,0.013387795931977326
510,0.0005084256261587142,84.59,0.0005084256261587142,84.59,0.013394464821607202
511,0.0004947284758090973,85.03,0.0004947284758090973,85.03,0.01340113371123708
512,0.00038342440724372864,87.76,0.00038342440724372864,87.76,0.013407802600866957
513,0.00044016705751419066,86.79,0.00044016705751419066,86.79,0.013414471490496833
514,0.00037871885895729066,87.89,0.00037871885895729066,87.89,0.01342114038012671
515,0.00043312310874462127,86.61,0.00043312310874462127,86.61,0.013427809269756586
516,0.0003836634159088135,87.91,0.0003836634159088135,87.91,0.013434478159386464
517,0.0004805360704660416,85.68,0.0004805360704660416,85.68,0.013441147049016338
518,0.0003940601676702499,87.83999999999999,0.0003940601676702499,87.83999999999999,0.013447815938646216
519,0.00047588357031345366,85.77,0.00047588357031345366,85.77,0.013454484828276093
520,0.0004718275725841522,85.34,0.0004718275725841522,85.34,0.013461153717905969
521,0.0005292365670204163,84.84,0.0005292365670204163,84.84,0.013467822607535845
522,0.000481982347369194,85.5,0.000481982347369194,85.5,0.013474491497165722
523,0.0004232566565275192,87.21,0.0004232566565275192,87.21,0.0134811603867956
524,0.00038188668489456176,88.17,0.00038188668489456176,88.17,0.013487829276425476
525,0.00044140337109565734,86.47,0.00044140337109565734,86.47,0.013494498166055352
526,0.00042323351204395294,86.92,0.00042323351204395294,86.92,0.013501167055685229
527,0.0004650203704833984,86.1,0.0004650203704833984,86.1,0.013507835945315105
528,0.00044871931672096254,85.74000000000001,0.00044871931672096254,85.74000000000001,0.013514504834944983
529,0.0004228918224573135,87.07000000000001,0.0004228918224573135,87.07000000000001,0.01352117372457486
530,0.0003960513710975647,87.52,0.0003960513710975647,87.52,0.013527842614204736
531,0.0007180002927780152,80.43,0.0007180002927780152,80.43,0.013534511503834612
532,0.00043621791005134583,86.65,0.00043621791005134583,86.65,0.013541180393464488
533,0.000391605618596077,87.61,0.000391605618596077,87.61,0.013547849283094366
534,0.00037442715466022493,88.12,0.00037442715466022493,88.12,0.013554518172724241
535,0.00038582863509655,88.0,0.00038582863509655,88.0,0.013561187062354119
536,0.00040091624557971956,87.82,0.00040091624557971956,87.82,0.013567855951983995
537,0.0003959699988365173,87.59,0.0003959699988365173,87.59,0.013574524841613872
538,0.00044542631804943083,86.71,0.00044542631804943083,86.71,0.013581193731243748
539,0.00040529889464378354,87.22,0.00040529889464378354,87.22,0.013587862620873624
540,0.00041182359755039216,87.32,0.00041182359755039216,87.32,0.013594531510503502
541,0.00038618947565555574,88.2,0.00038618947565555574,88.2,0.013601200400133379
542,0.0004816636592149735,85.25,0.0004816636592149735,85.25,0.013607869289763255
543,0.0004234764337539673,87.22,0.0004234764337539673,87.22,0.013614538179393131
544,0.0005122756570577621,84.33,0.0005122756570577621,84.33,0.013621207069023008
545,0.0004406046748161316,86.64,0.0004406046748161316,86.64,0.013627875958652886
546,0.00040550129413604734,87.28,0.00040550129413604734,87.28,0.013634544848282762
547,0.0005101810902357101,84.91,0.0005101810902357101,84.91,0.013641213737912638
548,0.00042259065806865694,86.85000000000001,0.00042259065806865694,86.85000000000001,0.013647882627542515
549,0.00040456703305244445,87.6,0.00040456703305244445,87.6,0.01365455151717239
550,0.0003901557207107544,87.71,0.0003901557207107544,87.71,0.013661220406802269
551,0.0003701550126075745,88.22,0.0003701550126075745,88.22,0.013667889296432143
552,0.0004020539402961731,87.75,0.0004020539402961731,87.75,0.013674558186062022
553,0.0004505037486553192,86.49,0.0004505037486553192,86.49,0.013681227075691898
554,0.000428194460272789,87.03,0.000428194460272789,87.03,0.013687895965321774
555,0.00039589416682720183,87.49,0.00039589416682720183,87.49,0.01369456485495165
556,0.0004662826210260391,85.95,0.0004662826210260391,85.95,0.013701233744581529
557,0.00042153190076351163,87.13,0.00042153190076351163,87.13,0.013707902634211405
558,0.0003838664710521698,88.11,0.0003838664710521698,88.11,0.013714571523841281
559,0.0004903368860483169,85.69,0.0004903368860483169,85.69,0.013721240413471157
560,0.0004190022021532059,86.88,0.0004190022021532059,86.88,0.013727909303101036
561,0.00042788172662258146,86.83999999999999,0.00042788172662258146,86.83999999999999,0.01373457819273091
562,0.0004897833496332168,85.09,0.0004897833496332168,85.09,0.013741247082360788
563,0.00040047818422317503,87.53,0.00040047818422317503,87.53,0.013747915971990664
564,0.0006886389374732971,80.47,0.0006886389374732971,80.47,0.01375458486162054
565,0.0004899120002985001,85.06,0.0004899120002985001,85.06,0.013761253751250417
566,0.0003957842200994492,87.74,0.0003957842200994492,87.74,0.013767922640880293
567,0.0003848022013902664,88.3,0.0003848022013902664,88.3,0.013774591530510171
568,0.00043464588820934293,87.09,0.00043464588820934293,87.09,0.013781260420140046
569,0.0003960909068584442,88.17,0.0003960909068584442,88.17,0.013787929309769924
570,0.0003722253054380417,88.63,0.0003722253054380417,88.63,0.0137945981993998
571,0.00038110768496990203,88.5,0.00038110768496990203,88.5,0.013801267089029677
572,0.00040249187648296357,87.72999999999999,0.00040249187648296357,87.72999999999999,0.013807935978659553
573,0.00043947909772396087,86.95,0.00043947909772396087,86.95,0.013814604868289431
574,0.0004036559522151947,87.82,0.0004036559522151947,87.82,0.013821273757919307
575,0.000407745698094368,87.25,0.000407745698094368,87.25,0.013827942647549184
576,0.000416236087679863,87.57000000000001,0.000416236087679863,87.57000000000001,0.01383461153717906
577,0.0003959411382675171,88.13,0.0003959411382675171,88.13,0.013841280426808938
578,0.00039617920219898225,87.94999999999999,0.00039617920219898225,87.94999999999999,0.013847949316438813
579,0.0004619091421365738,86.28,0.0004619091421365738,86.28,0.01385461820606869
580,0.0003786204755306244,88.08,0.0003786204755306244,88.08,0.013861287095698567
581,0.0004100153237581253,87.59,0.0004100153237581253,87.59,0.013867955985328443
582,0.0005494926154613495,84.73,0.0005494926154613495,84.73,0.01387462487495832
583,0.0004706784725189209,86.26,0.0004706784725189209,86.26,0.013881293764588196
584,0.00048000092208385465,85.61,0.00048000092208385465,85.61,0.013887962654218074
585,0.000591919732093811,81.73,0.000591919732093811,81.73,0.01389463154384795
586,0.0004376761972904205,86.28,0.0004376761972904205,86.28,0.013901300433477827
587,0.0003925575584173202,87.85,0.0003925575584173202,87.85,0.013907969323107703
588,0.0004597871005535126,86.35000000000001,0.0004597871005535126,86.35000000000001,0.01391463821273758
589,0.0004643658071756363,86.66,0.0004643658071756363,86.66,0.013921307102367457
590,0.00037815305590629576,88.31,0.00037815305590629576,88.31,0.013927975991997332
591,0.00043203252255916597,87.1,0.00043203252255916597,87.1,0.01393464488162721
592,0.00040406788289546966,87.48,0.00040406788289546966,87.48,0.013941313771257086
593,0.0004883905202150345,85.53,0.0004883905202150345,85.53,0.013947982660886963
594,0.00046398585438728334,86.5,0.00046398585438728334,86.5,0.01395465155051684
595,0.0004811558783054352,85.39999999999999,0.0004811558783054352,85.39999999999999,0.013961320440146715
596,0.0005042587757110596,84.77,0.0005042587757110596,84.77,0.013967989329776593
597,0.0005060227811336518,84.99,0.0005060227811336518,84.99,0.01397465821940647
598,0.0004937883377075195,85.67,0.0004937883377075195,85.67,0.013981327109036346
599,0.000643911212682724,82.44,0.000643911212682724,82.44,0.013987995998666224
600,0.00038179445564746856,88.06,0.00038179445564746856,88.06,0.013994664888296099
601,0.0004221312910318375,87.39,0.0004221312910318375,87.39,0.014001333777925977
602,0.0005092000782489776,84.98,0.0005092000782489776,84.98,0.014008002667555853
603,0.0004373277246952057,86.48,0.0004373277246952057,86.48,0.01401467155718573
604,0.0003957088768482208,88.28,0.0003957088768482208,88.28,0.014021340446815606
605,0.0005486770451068879,83.89,0.0005486770451068879,83.89,0.014028009336445482
606,0.0004063094973564148,87.6,0.0004063094973564148,87.6,0.01403467822607536
607,0.000388902622461319,88.22,0.000388902622461319,88.22,0.014041347115705234
608,0.00036623845398426057,88.55,0.00036623845398426057,88.55,0.014048016005335113
609,0.0005232387632131577,84.28999999999999,0.0005232387632131577,84.28999999999999,0.014054684894964989
610,0.0005141732782125473,85.03,0.0005141732782125473,85.03,0.014061353784594865
611,0.0004154301553964615,87.6,0.0004154301553964615,87.6,0.014068022674224743
612,0.00043039544224739076,87.42,0.00043039544224739076,87.42,0.014074691563854618
613,0.00042487044632434845,87.1,0.00042487044632434845,87.1,0.014081360453484496
614,0.00040305525064468386,87.53999999999999,0.00040305525064468386,87.53999999999999,0.014088029343114372
615,0.0004799796998500824,85.82,0.0004799796998500824,85.82,0.014094698232744248
616,0.00044962323904037475,86.29,0.00044962323904037475,86.29,0.014101367122374127
617,0.0004077545315027237,87.63,0.0004077545315027237,87.63,0.014108036012004001
618,0.0004029597073793411,87.76,0.0004029597073793411,87.76,0.01411470490163388
619,0.00045301494896411894,86.33,0.00045301494896411894,86.33,0.014121373791263755
620,0.00039740695059299467,87.75,0.00039740695059299467,87.75,0.014128042680893632
621,0.0004185436546802521,87.25,0.0004185436546802521,87.25,0.014134711570523508
622,0.0004322480738162994,87.0,0.0004322480738162994,87.0,0.014141380460153384
623,0.0003843213260173798,88.12,0.0003843213260173798,88.12,0.014148049349783262
624,0.00043383709490299227,86.98,0.00043383709490299227,86.98,0.014154718239413139
625,0.0005343236595392227,84.31,0.0005343236595392227,84.31,0.014161387129043015
626,0.0004000870168209076,87.88,0.0004000870168209076,87.88,0.014168056018672891
627,0.000379971843957901,88.19,0.000379971843957901,88.19,0.014174724908302768
628,0.0005095248878002167,85.04,0.0005095248878002167,85.04,0.014181393797932646
629,0.00039577754735946655,87.98,0.00039577754735946655,87.98,0.01418806268756252
630,0.000386125585436821,88.36,0.000386125585436821,88.36,0.014194731577192398
631,0.00046694560348987577,86.07000000000001,0.00046694560348987577,86.07000000000001,0.014201400466822275
632,0.00043966853022575376,87.1,0.00043966853022575376,87.1,0.014208069356452151
633,0.0004089706152677536,87.47,0.0004089706152677536,87.47,0.014214738246082029
634,0.0004527507811784744,86.81,0.0004527507811784744,86.81,0.014221407135711904
635,0.0005000281184911728,84.89,0.0005000281184911728,84.89,0.014228076025341782
636,0.0004535853058099747,86.61999999999999,0.0004535853058099747,86.61999999999999,0.014234744914971658
637,0.0004020295023918152,87.67,0.0004020295023918152,87.67,0.014241413804601534
638,0.0004489503502845764,86.4,0.0004489503502845764,86.4,0.01424808269423141
639,0.0005328360736370087,85.24000000000001,0.0005328360736370087,85.24000000000001,0.014254751583861287
640,0.00045750928819179534,86.77,0.00045750928819179534,86.77,0.014261420473491165
641,0.00043745352029800414,86.8,0.00043745352029800414,86.8,0.014268089363121041
642,0.0005657223820686341,83.85000000000001,0.0005657223820686341,83.85000000000001,0.014274758252750918
643,0.00042792993485927584,86.74,0.00042792993485927584,86.74,0.014281427142380794
644,0.00040304292142391205,87.8,0.00040304292142391205,87.8,0.01428809603201067
645,0.0003936376988887787,88.1,0.0003936376988887787,88.1,0.014294764921640548
646,0.0003952959895133972,87.82,0.0003952959895133972,87.82,0.014301433811270423
647,0.0004438135057687759,86.96000000000001,0.0004438135057687759,86.96000000000001,0.014308102700900301
648,0.000414161279797554,87.15,0.000414161279797554,87.15,0.014314771590530177
649,0.00047101726830005644,86.26,0.00047101726830005644,86.26,0.014321440480160054
650,0.0004122974187135696,87.62,0.0004122974187135696,87.62,0.014328109369789932
651,0.000415455761551857,87.62,0.000415455761551857,87.62,0.014334778259419806
652,0.000375404879450798,88.37,0.000375404879450798,88.37,0.014341447149049684
653,0.0004621290534734726,86.50999999999999,0.0004621290534734726,86.50999999999999,0.01434811603867956
654,0.00039712319672107697,87.81,0.00039712319672107697,87.81,0.014354784928309437
655,0.0004100415498018265,87.63,0.0004100415498018265,87.63,0.014361453817939313
656,0.0005189512312412262,84.78999999999999,0.0005189512312412262,84.78999999999999,0.01436812270756919
657,0.0004590291917324066,86.39,0.0004590291917324066,86.39,0.014374791597199068
658,0.00039792322516441343,87.88,0.00039792322516441343,87.88,0.014381460486828944
659,0.00042128892838954923,87.22,0.00042128892838954923,87.22,0.01438812937645882
660,0.0003834991991519928,88.42,0.0003834991991519928,88.42,0.014394798266088698
661,0.0003995540201663971,88.14,0.0003995540201663971,88.14,0.014401467155718573
662,0.00041784075796604155,87.38,0.00041784075796604155,87.38,0.014408136045348451
663,0.00041038099229335784,87.56,0.00041038099229335784,87.56,0.014414804934978325
664,0.0004257657617330551,87.51,0.0004257657617330551,87.51,0.014421473824608204
665,0.0003946131467819214,88.29,0.0003946131467819214,88.29,0.01442814271423808
666,0.000425068399310112,86.96000000000001,0.000425068399310112,86.96000000000001,0.014434811603867956
667,0.00037450218200683595,88.97,0.00037450218200683595,88.97,0.014441480493497834
668,0.0005932938814163208,83.36,0.0005932938814163208,83.36,0.014448149383127709
669,0.00048088279068470003,85.68,0.00048088279068470003,85.68,0.014454818272757587
670,0.0004211301654577255,87.69,0.0004211301654577255,87.69,0.014461487162387463
671,0.0004217370808124542,87.41,0.0004217370808124542,87.41,0.01446815605201734
672,0.00040962858498096464,88.2,0.00040962858498096464,88.2,0.014474824941647216
673,0.00041344625651836394,87.22999999999999,0.00041344625651836394,87.22999999999999,0.014481493831277092
674,0.00041391724050045015,87.94999999999999,0.00041391724050045015,87.94999999999999,0.01448816272090697
675,0.00046594644486904147,86.1,0.00046594644486904147,86.1,0.014494831610536846
676,0.0003742371886968613,88.82,0.0003742371886968613,88.82,0.014501500500166723
677,0.00040165363252162934,87.71,0.00040165363252162934,87.71,0.0145081693897966
678,0.0004718328773975372,85.92,0.0004718328773975372,85.92,0.014514838279426475
679,0.00040784814059734344,88.08,0.00040784814059734344,88.08,0.014521507169056353
680,0.00039526408314704897,88.18,0.00039526408314704897,88.18,0.014528176058686228
681,0.00040006986558437346,88.03999999999999,0.00040006986558437346,88.03999999999999,0.014534844948316106
682,0.000519498473405838,85.46000000000001,0.000519498473405838,85.46000000000001,0.014541513837945982
683,0.0004626756489276886,86.64,0.0004626756489276886,86.64,0.014548182727575859
684,0.0004159285128116608,86.91,0.0004159285128116608,86.91,0.014554851617205737
685,0.0005411135077476501,84.78999999999999,0.0005411135077476501,84.78999999999999,0.014561520506835613
686,0.0004216720640659332,87.1,0.0004216720640659332,87.1,0.01456818939646549
687,0.00039040851891040804,88.18,0.00039040851891040804,88.18,0.014574858286095366
688,0.00046042706072330476,86.68,0.00046042706072330476,86.68,0.014581527175725242
689,0.0003940263718366623,88.01,0.0003940263718366623,88.01,0.01458819606535512
690,0.00037275432944297793,88.6,0.00037275432944297793,88.6,0.014594864954984995
691,0.0003684557467699051,88.97,0.0003684557467699051,88.97,0.014601533844614873
692,0.0004466088682413101,87.33999999999999,0.0004466088682413101,87.33999999999999,0.014608202734244749
693,0.0003973026514053345,87.96000000000001,0.0003973026514053345,87.96000000000001,0.014614871623874625
694,0.0004318183779716492,87.3,0.0004318183779716492,87.3,0.014621540513504503
695,0.0003764841645956039,88.55,0.0003764841645956039,88.55,0.014628209403134378
696,0.00042706327736377717,87.57000000000001,0.00042706327736377717,87.57000000000001,0.014634878292764256
697,0.000696146285533905,80.56,0.000696146285533905,80.56,0.01464154718239413
698,0.00044465644359588624,87.12,0.00044465644359588624,87.12,0.014648216072024009
699,0.0003899319678544998,88.05,0.0003899319678544998,88.05,0.014654884961653885
700,0.0003863633662462234,88.55,0.0003863633662462234,88.55,0.014661553851283761
701,0.00042467117607593535,87.46000000000001,0.00042467117607593535,87.46000000000001,0.01466822274091364
702,0.00041608648002147675,87.51,0.00041608648002147675,87.51,0.014674891630543516
703,0.0003740853160619736,88.4,0.0003740853160619736,88.4,0.014681560520173392
704,0.0004249933451414108,88.01,0.0004249933451414108,88.01,0.014688229409803268
705,0.0003800936132669449,88.42,0.0003800936132669449,88.42,0.014694898299433145
706,0.0003785701543092728,88.69,0.0003785701543092728,88.69,0.014701567189063023
707,0.00037742446064949035,88.78,0.00037742446064949035,88.78,0.014708236078692897
708,0.0004884205639362335,86.38,0.0004884205639362335,86.38,0.014714904968322775
709,0.0004020883947610855,88.29,0.0004020883947610855,88.29,0.014721573857952652
710,0.0004229614496231079,87.61,0.0004229614496231079,87.61,0.014728242747582528
711,0.00043960906863212585,86.36,0.00043960906863212585,86.36,0.014734911637212406
712,0.0004057169586420059,87.64999999999999,0.0004057169586420059,87.64999999999999,0.01474158052684228
713,0.0004104146540164948,87.63,0.0004104146540164948,87.63,0.014748249416472159
714,0.0004306869238615036,87.29,0.0004306869238615036,87.29,0.014754918306102035
715,0.00054712835252285,84.09,0.00054712835252285,84.09,0.014761587195731911
716,0.0004973575294017792,85.72999999999999,0.0004973575294017792,85.72999999999999,0.014768256085361788
717,0.00040246798992156984,87.98,0.00040246798992156984,87.98,0.014774924974991664
718,0.0003719000697135925,88.91,0.0003719000697135925,88.91,0.014781593864621542
719,0.0003875693678855896,88.69,0.0003875693678855896,88.69,0.014788262754251418
720,0.00041960472166538236,87.51,0.00041960472166538236,87.51,0.014794931643881295
721,0.00038394968807697297,88.84,0.00038394968807697297,88.84,0.01480160053351117
722,0.0004209489822387695,87.63,0.0004209489822387695,87.63,0.014808269423141047
723,0.00046714292466640473,86.33,0.00046714292466640473,86.33,0.014814938312770925
724,0.0004021393060684204,88.14,0.0004021393060684204,88.14,0.0148216072024008
725,0.0004257246226072311,87.72,0.0004257246226072311,87.72,0.014828276092030678
726,0.00044351728558540346,86.53999999999999,0.00044351728558540346,86.53999999999999,0.014834944981660554
727,0.00044693609476089476,87.33999999999999,0.00044693609476089476,87.33999999999999,0.01484161387129043
728,0.0004218369215726852,87.52,0.0004218369215726852,87.52,0.014848282760920309
729,0.00042717125415802,87.53999999999999,0.00042717125415802,87.53999999999999,0.014854951650550183
730,0.00038202644288539886,88.31,0.00038202644288539886,88.31,0.014861620540180061
731,0.0004407623261213303,87.19,0.0004407623261213303,87.19,0.014868289429809937
732,0.0004638766348361969,87.21,0.0004638766348361969,87.21,0.014874958319439814
733,0.00040223607420921325,88.11,0.00040223607420921325,88.11,0.01488162720906969
734,0.0007369809806346894,80.32000000000001,0.0007369809806346894,80.32000000000001,0.014888296098699566
735,0.0004545067936182022,86.75,0.0004545067936182022,86.75,0.014894964988329444
736,0.00048724397718906404,86.59,0.00048724397718906404,86.59,0.01490163387795932
737,0.0003802400052547455,88.39,0.0003802400052547455,88.39,0.014908302767589197
738,0.0004156097501516342,87.91,0.0004156097501516342,87.91,0.014914971657219073
739,0.0004699707210063934,87.14,0.0004699707210063934,87.14,0.01492164054684895
740,0.00043126938045024875,88.0,0.00043126938045024875,88.0,0.014928309436478828
741,0.0004147124886512756,86.9,0.0004147124886512756,86.9,0.014934978326108702
742,0.000439094540476799,87.2,0.000439094540476799,87.2,0.01494164721573858
743,0.0003726809233427048,88.99000000000001,0.0003726809233427048,88.99000000000001,0.014948316105368457
744,0.00040749951601028444,88.19,0.00040749951601028444,88.19,0.014954984994998333
745,0.0004034129172563553,88.41,0.0004034129172563553,88.41,0.014961653884628211
746,0.00036159408688545225,89.1,0.00036159408688545225,89.1,0.014968322774258086
747,0.0003973675966262817,88.6,0.0003973675966262817,88.6,0.014974991663887964
748,0.00042922484278678895,87.72999999999999,0.00042922484278678895,87.72999999999999,0.01498166055351784
749,0.00047575614750385286,86.33999999999999,0.00047575614750385286,86.33999999999999,0.014988329443147716
750,0.00040729150474071504,87.94999999999999,0.00040729150474071504,87.94999999999999,0.014994998332777593
751,0.0003885189980268478,88.59,0.0003885189980268478,88.59,0.015001667222407469
752,0.00041290562748908996,87.96000000000001,0.00041290562748908996,87.96000000000001,0.015008336112037347
753,0.0004223765105009079,87.79,0.0004223765105009079,87.79,0.015015005001667223
754,0.0004135983347892761,87.74,0.0004135983347892761,87.74,0.0150216738912971
755,0.0004401357501745224,87.4,0.0004401357501745224,87.4,0.015028342780926976
756,0.0003890367954969406,88.89,0.0003890367954969406,88.89,0.015035011670556852
757,0.00040640152394771575,88.35,0.00040640152394771575,88.35,0.01504168056018673
758,0.00039331727921962736,88.33,0.00039331727921962736,88.33,0.015048349449816605
759,0.00047161006331443786,87.21,0.00047161006331443786,87.21,0.015055018339446483
760,0.0004784885376691818,85.77,0.0004784885376691818,85.77,0.01506168722907636
761,0.0003843696862459183,88.75,0.0003843696862459183,88.75,0.015068356118706236
762,0.0004584631711244583,86.99,0.0004584631711244583,86.99,0.015075025008336114
763,0.00037697684168815613,88.83,0.00037697684168815613,88.83,0.015081693897965988
764,0.0004033834308385849,88.2,0.0004033834308385849,88.2,0.015088362787595866
765,0.00039501728415489195,88.35,0.00039501728415489195,88.35,0.015095031677225743
766,0.0004193790942430496,87.67,0.0004193790942430496,87.67,0.015101700566855619
767,0.0003942947685718536,88.55,0.0003942947685718536,88.55,0.015108369456485497
768,0.0005068797409534454,85.83,0.0005068797409534454,85.83,0.015115038346115372
769,0.0004665663510560989,86.71,0.0004665663510560989,86.71,0.01512170723574525
770,0.0004707182198762894,86.11999999999999,0.0004707182198762894,86.11999999999999,0.015128376125375126
771,0.00038814090490341184,88.87,0.00038814090490341184,88.87,0.015135045015005002
772,0.00039732136130332944,88.42999999999999,0.00039732136130332944,88.42999999999999,0.015141713904634879
773,0.0003844911456108093,88.89,0.0003844911456108093,88.89,0.015148382794264755
774,0.00043024475276470185,87.85,0.00043024475276470185,87.85,0.015155051683894633
775,0.0003930303782224655,88.35,0.0003930303782224655,88.35,0.015161720573524507
776,0.00038787683844566343,89.03,0.00038787683844566343,89.03,0.015168389463154386
777,0.0005139614969491958,86.11,0.0005139614969491958,86.11,0.015175058352784262
778,0.0006387132644653321,82.13000000000001,0.0006387132644653321,82.13000000000001,0.015181727242414138
779,0.0009686102628707886,76.92,0.0009686102628707886,76.92,0.015188396132044016
780,0.00042502429783344267,87.26,0.00042502429783344267,87.26,0.01519506502167389
781,0.0004263936668634415,87.32,0.0004263936668634415,87.32,0.015201733911303769
782,0.000432984983921051,87.33999999999999,0.000432984983921051,87.33999999999999,0.015208402800933645
783,0.0004106284260749817,87.72999999999999,0.0004106284260749817,87.72999999999999,0.015215071690563521
784,0.00042017660140991213,88.1,0.00042017660140991213,88.1,0.0152217405801934
785,0.000427788707613945,87.29,0.000427788707613945,87.29,0.015228409469823274
786,0.00039698380827903745,87.97,0.00039698380827903745,87.97,0.015235078359453152
787,0.00042919839322566985,87.08,0.00042919839322566985,87.08,0.015241747249083028
788,0.00040584642589092253,88.13,0.00040584642589092253,88.13,0.015248416138712905
789,0.00043952704668045046,86.96000000000001,0.00043952704668045046,86.96000000000001,0.015255085028342783
790,0.0003903997987508774,88.56,0.0003903997987508774,88.56,0.015261753917972657
791,0.0003802827656269074,88.18,0.0003802827656269074,88.18,0.015268422807602535
792,0.00045846389532089234,87.03999999999999,0.00045846389532089234,87.03999999999999,0.01527509169723241
793,0.00040198557078838346,88.36,0.00040198557078838346,88.36,0.015281760586862288
794,0.0004079166769981384,87.96000000000001,0.0004079166769981384,87.96000000000001,0.015288429476492166
795,0.0003760485976934433,89.1,0.0003760485976934433,89.1,0.01529509836612204
796,0.00041529337465763094,88.0,0.00041529337465763094,88.0,0.015301767255751919
797,0.0005344122529029846,84.65,0.0005344122529029846,84.65,0.015308436145381793
798,0.0007495877265930175,80.56,0.0007495877265930175,80.56,0.015315105035011671
799,0.00040333313047885897,87.85,0.00040333313047885897,87.85,0.015321773924641548
800,0.0003842601627111435,88.52,0.0003842601627111435,88.52,0.015328442814271424
801,0.0004067304253578186,88.29,0.0004067304253578186,88.29,0.015335111703901302
802,0.0005904599010944367,84.00999999999999,0.0005904599010944367,84.00999999999999,0.015341780593531177
803,0.0005054399251937866,85.72,0.0005054399251937866,85.72,0.015348449483161055
804,0.00042080027163028715,87.36,0.00042080027163028715,87.36,0.015355118372790933
805,0.00042277906239032747,87.76,0.00042277906239032747,87.76,0.015361787262420807
806,0.00039786024689674376,88.2,0.00039786024689674376,88.2,0.015368456152050685
807,0.0003764212518930435,88.41,0.0003764212518930435,88.41,0.01537512504168056
808,0.000401605886220932,88.17,0.000401605886220932,88.17,0.015381793931310438
809,0.0004916200429201126,85.92,0.0004916200429201126,85.92,0.015388462820940313
810,0.00044071796536445615,87.33999999999999,0.00044071796536445615,87.33999999999999,0.01539513171057019
811,0.0005171239227056504,84.96000000000001,0.0005171239227056504,84.96000000000001,0.015401800600200067
812,0.00047368761599063874,86.22,0.00047368761599063874,86.22,0.015408469489829943
813,0.000398046812415123,88.01,0.000398046812415123,88.01,0.015415138379459821
814,0.00039634151458740234,88.13,0.00039634151458740234,88.13,0.015421807269089698
815,0.0003763605356216431,88.28,0.0003763605356216431,88.28,0.015428476158719574
816,0.00046148847937583923,86.41,0.00046148847937583923,86.41,0.01543514504834945
817,0.00042289290130138397,87.32,0.00042289290130138397,87.32,0.015441813937979327
818,0.0005387300610542298,84.43,0.0005387300610542298,84.43,0.015448482827609205
819,0.00043060672879219054,87.14,0.00043060672879219054,87.14,0.01545515171723908
820,0.0003738514989614487,88.94,0.0003738514989614487,88.94,0.015461820606868957
821,0.0003637693345546722,89.07000000000001,0.0003637693345546722,89.07000000000001,0.015468489496498835
822,0.0007346510410308838,80.06,0.0007346510410308838,80.06,0.01547515838612871
823,0.00047385801672935484,86.27,0.00047385801672935484,86.27,0.015481827275758588
824,0.00043760159611701965,87.61,0.00043760159611701965,87.61,0.015488496165388463
825,0.0004269638180732727,87.59,0.0004269638180732727,87.59,0.01549516505501834
826,0.0004686438530683517,86.53999999999999,0.0004686438530683517,86.53999999999999,0.015501833944648217
827,0.0004541411876678467,87.31,0.0004541411876678467,87.31,0.015508502834278093
828,0.0005067871570587158,85.04,0.0005067871570587158,85.04,0.01551517172390797
829,0.00041477294266223906,87.82,0.00041477294266223906,87.82,0.015521840613537846
830,0.0003949605941772461,88.32,0.0003949605941772461,88.32,0.015528509503167724
831,0.00038296929001808164,88.36,0.00038296929001808164,88.36,0.0155351783927976
832,0.00039816232323646545,87.97,0.00039816232323646545,87.97,0.015541847282427476
833,0.0004920296221971512,86.11999999999999,0.0004920296221971512,86.11999999999999,0.015548516172057353
834,0.00043031469285488127,87.22999999999999,0.00043031469285488127,87.22999999999999,0.015555185061687229
835,0.000495708379149437,86.08,0.000495708379149437,86.08,0.015561853951317107
836,0.0005095475822687149,85.11,0.0005095475822687149,85.11,0.015568522840946982
837,0.00041953513622283934,88.03999999999999,0.00041953513622283934,88.03999999999999,0.01557519173057686
838,0.000400165781378746,88.47,0.000400165781378746,88.47,0.015581860620206738
839,0.00039369644820690157,88.84,0.00039369644820690157,88.84,0.015588529509836612
840,0.00041182994544506073,87.99,0.00041182994544506073,87.99,0.01559519839946649
841,0.00036075820326805113,89.14,0.00036075820326805113,89.14,0.015601867289096365
842,0.000429158490896225,87.97,0.000429158490896225,87.97,0.015608536178726243
843,0.0004633000820875168,86.79,0.0004633000820875168,86.79,0.01561520506835612
844,0.0004303247034549713,87.52,0.0004303247034549713,87.52,0.015621873957985996
845,0.0003982802391052246,88.47,0.0003982802391052246,88.47,0.01562854284761587
846,0.00040563248991966246,88.03,0.00040563248991966246,88.03,0.015635211737245747
847,0.0004674947857856751,86.79,0.0004674947857856751,86.79,0.015641880626875625
848,0.0004686200946569443,86.75,0.0004686200946569443,86.75,0.015648549516505503
849,0.0004076252192258835,88.07000000000001,0.0004076252192258835,88.07000000000001,0.015655218406135377
850,0.0003887588798999786,88.81,0.0003887588798999786,88.81,0.015661887295765252
851,0.0003829327255487442,88.35,0.0003829327255487442,88.35,0.01566855618539513
852,0.00037007007598876954,89.34,0.00037007007598876954,89.34,0.015675225075025008
853,0.0004783988535404205,86.72999999999999,0.0004783988535404205,86.72999999999999,0.015681893964654883
854,0.000437235227227211,87.29,0.000437235227227211,87.29,0.01568856285428476
855,0.00041947756111621856,87.56,0.00041947756111621856,87.56,0.01569523174391464
856,0.0004065752238035202,88.51,0.0004065752238035202,88.51,0.015701900633544513
857,0.00039965898394584657,88.12,0.00039965898394584657,88.12,0.01570856952317439
858,0.0006176495134830475,81.62,0.0006176495134830475,81.62,0.015715238412804266
859,0.0007169800579547882,80.16,0.0007169800579547882,80.16,0.015721907302434144
860,0.0004271307796239853,86.89,0.0004271307796239853,86.89,0.01572857619206402
861,0.0003749789923429489,88.58,0.0003749789923429489,88.58,0.015735245081693897
862,0.00041123883128166196,87.5,0.00041123883128166196,87.5,0.015741913971323775
863,0.0003787336975336075,88.44999999999999,0.0003787336975336075,88.44999999999999,0.015748582860953653
864,0.0004601426601409912,86.46000000000001,0.0004601426601409912,86.46000000000001,0.015755251750583527
865,0.0003818852812051773,88.62,0.0003818852812051773,88.62,0.015761920640213402
866,0.0004430279731750488,86.57000000000001,0.0004430279731750488,86.57000000000001,0.01576858952984328
867,0.00045672713220119474,86.74,0.00045672713220119474,86.74,0.015775258419473158
868,0.00037482325732707977,88.72,0.00037482325732707977,88.72,0.015781927309103033
869,0.00037231959998607636,88.59,0.00037231959998607636,88.59,0.01578859619873291
870,0.0004253581076860428,87.46000000000001,0.0004253581076860428,87.46000000000001,0.015795265088362785
871,0.00037363913357257845,88.96,0.00037363913357257845,88.96,0.015801933977992663
872,0.0003862334996461868,88.58,0.0003862334996461868,88.58,0.01580860286762254
873,0.00035325373113155367,89.25,0.00035325373113155367,89.25,0.015815271757252416
874,0.0003791407495737076,88.62,0.0003791407495737076,88.62,0.015821940646882294
875,0.00043893475532531736,86.76,0.00043893475532531736,86.76,0.01582860953651217
876,0.0003761104553937912,88.46000000000001,0.0003761104553937912,88.46000000000001,0.015835278426142047
877,0.00037824721932411194,88.85,0.00037824721932411194,88.85,0.015841947315771925
878,0.0003783830016851425,89.09,0.0003783830016851425,89.09,0.0158486162054018
879,0.00036078205704689024,89.11,0.00036078205704689024,89.11,0.015855285095031677
880,0.0003753027617931366,88.99000000000001,0.0003753027617931366,88.99000000000001,0.015861953984661552
881,0.0003625659555196762,89.25999999999999,0.0003625659555196762,89.25999999999999,0.01586862287429143
882,0.00038696678578853605,88.4,0.00038696678578853605,88.4,0.015875291763921308
883,0.00037211219072341917,89.11,0.00037211219072341917,89.11,0.015881960653551182
884,0.0004069338023662567,88.07000000000001,0.0004069338023662567,88.07000000000001,0.015888629543181057
885,0.00037735204994678495,88.74,0.00037735204994678495,88.74,0.015895298432810935
886,0.00038148780167102813,88.69,0.00038148780167102813,88.69,0.015901967322440813
887,0.0003695583492517471,89.34,0.0003695583492517471,89.34,0.01590863621207069
888,0.00039700445532798767,88.7,0.00039700445532798767,88.7,0.015915305101700566
889,0.0004136848449707031,88.12,0.0004136848449707031,88.12,0.015921973991330444
890,0.000373076531291008,89.03,0.000373076531291008,89.03,0.01592864288096032
891,0.0004194605797529221,87.63,0.0004194605797529221,87.63,0.015935311770590196
892,0.000394097837805748,88.42999999999999,0.000394097837805748,88.42999999999999,0.01594198066022007
893,0.0003897282272577286,88.62,0.0003897282272577286,88.62,0.01594864954984995
894,0.00037564131915569305,89.12,0.00037564131915569305,89.12,0.015955318439479824
895,0.0004529075145721436,86.96000000000001,0.0004529075145721436,86.96000000000001,0.0159619873291097
896,0.00039612716138362887,88.35,0.00039612716138362887,88.35,0.01596865621873958
897,0.0003798586159944534,88.66000000000001,0.0003798586159944534,88.66000000000001,0.015975325108369458
898,0.00038055931925773623,89.05,0.00038055931925773623,89.05,0.015981993997999332
899,0.00038575320839881894,88.96,0.00038575320839881894,88.96,0.015988662887629207
900,0.000390409791469574,88.71,0.000390409791469574,88.71,0.015995331777259085
901,0.0005861354410648346,84.76,0.0005861354410648346,84.76,0.016002000666888963
902,0.0003819946974515915,88.82,0.0003819946974515915,88.82,0.016008669556518838
903,0.0004017954230308533,88.01,0.0004017954230308533,88.01,0.016015338446148716
904,0.00043878310322761536,87.77000000000001,0.00043878310322761536,87.77000000000001,0.01602200733577859
905,0.00036056588292121886,89.5,0.00036056588292121886,89.5,0.01602867622540847
906,0.0003692664623260498,89.29,0.0003692664623260498,89.29,0.016035345115038346
907,0.00044093522131443026,87.57000000000001,0.00044093522131443026,87.57000000000001,0.01604201400466822
908,0.00040467290580272673,88.14,0.00040467290580272673,88.14,0.0160486828942981
909,0.00038721704185009005,88.92999999999999,0.00038721704185009005,88.92999999999999,0.016055351783927974
910,0.00037670872807502747,88.87,0.00037670872807502747,88.87,0.01606202067355785
911,0.00039239415526390076,88.86,0.00039239415526390076,88.86,0.01606868956318773
912,0.0003979513019323349,88.55,0.0003979513019323349,88.55,0.016075358452817604
913,0.0003922284126281738,88.75999999999999,0.0003922284126281738,88.75999999999999,0.016082027342447482
914,0.0004474075198173523,87.4,0.0004474075198173523,87.4,0.016088696232077357
915,0.0004771790474653244,87.05000000000001,0.0004771790474653244,87.05000000000001,0.016095365121707235
916,0.00039799481630325317,88.7,0.00039799481630325317,88.7,0.016102034011337113
917,0.00038451668918132784,88.44999999999999,0.00038451668918132784,88.44999999999999,0.016108702900966988
918,0.0003871943771839142,88.92,0.0003871943771839142,88.92,0.016115371790596862
919,0.00039941762685775754,88.73,0.00039941762685775754,88.73,0.01612204068022674
920,0.0003778860479593277,88.9,0.0003778860479593277,88.9,0.016128709569856618
921,0.0004393214344978333,87.57000000000001,0.0004393214344978333,87.57000000000001,0.016135378459486496
922,0.0004162751406431198,88.14,0.0004162751406431198,88.14,0.01614204734911637
923,0.00041687422096729277,87.88,0.00041687422096729277,87.88,0.01614871623874625
924,0.0003944622993469238,88.75999999999999,0.0003944622993469238,88.75999999999999,0.016155385128376124
925,0.00036239481270313264,89.19,0.00036239481270313264,89.19,0.016162054018006
926,0.0004374804139137268,87.76,0.0004374804139137268,87.76,0.016168722907635876
927,0.00038492410182952883,88.9,0.00038492410182952883,88.9,0.016175391797265754
928,0.00038068047761917115,88.96,0.00038068047761917115,88.96,0.01618206068689563
929,0.0003791677474975586,88.9,0.0003791677474975586,88.9,0.016188729576525507
930,0.00043278081715106964,87.68,0.00043278081715106964,87.68,0.016195398466155385
931,0.0004145572453737259,88.28,0.0004145572453737259,88.28,0.016202067355785263
932,0.00045016530156135557,87.24,0.00045016530156135557,87.24,0.016208736245415137
933,0.0004922709673643112,85.5,0.0004922709673643112,85.5,0.016215405135045012
934,0.0004889852315187454,86.2,0.0004889852315187454,86.2,0.01622207402467489
935,0.000454161736369133,87.78,0.000454161736369133,87.78,0.016228742914304768
936,0.0005498782604932785,85.02,0.0005498782604932785,85.02,0.016235411803934643
937,0.00037089243829250336,88.89,0.00037089243829250336,88.89,0.01624208069356452
938,0.0003601766139268875,89.08,0.0003601766139268875,89.08,0.016248749583194395
939,0.00037066666185855865,89.41,0.00037066666185855865,89.41,0.016255418472824273
940,0.00039566698074340823,89.03,0.00039566698074340823,89.03,0.01626208736245415
941,0.00041393220126628873,88.25,0.00041393220126628873,88.25,0.016268756252084026
942,0.00036453999280929565,89.68,0.00036453999280929565,89.68,0.016275425141713904
943,0.00038122759461402895,89.0,0.00038122759461402895,89.0,0.01628209403134378
944,0.00035510633289813993,89.47,0.00035510633289813993,89.47,0.016288762920973657
945,0.0004063602149486542,88.44999999999999,0.0004063602149486542,88.44999999999999,0.016295431810603535
946,0.0004624292939901352,86.99,0.0004624292939901352,86.99,0.01630210070023341
947,0.00043604142367839816,87.66000000000001,0.00043604142367839816,87.66000000000001,0.016308769589863287
948,0.0005788128912448883,83.48,0.0005788128912448883,83.48,0.016315438479493162
949,0.0004950818836688995,86.33999999999999,0.0004950818836688995,86.33999999999999,0.01632210736912304
950,0.0005017959713935852,85.74000000000001,0.0005017959713935852,85.74000000000001,0.016328776258752918
951,0.0003786997467279434,88.89,0.0003786997467279434,88.89,0.016335445148382793
952,0.000411544606089592,88.26,0.000411544606089592,88.26,0.016342114038012667
953,0.0003687370091676712,89.24,0.0003687370091676712,89.24,0.016348782927642545
954,0.0004187749415636063,87.44,0.0004187749415636063,87.44,0.016355451817272423
955,0.00040050910413265227,88.94999999999999,0.00040050910413265227,88.94999999999999,0.0163621207069023
956,0.00037210184335708616,89.09,0.00037210184335708616,89.09,0.016368789596532176
957,0.00041600037813186645,88.48,0.00041600037813186645,88.48,0.016375458486162054
958,0.00044541430175304414,87.16000000000001,0.00044541430175304414,87.16000000000001,0.01638212737579193
959,0.00041414948105812074,88.27000000000001,0.00041414948105812074,88.27000000000001,0.016388796265421807
960,0.0006191482365131378,84.58,0.0006191482365131378,84.58,0.01639546515505168
961,0.0003933988004922867,88.67,0.0003933988004922867,88.67,0.01640213404468156
962,0.00038625723719596863,89.05,0.00038625723719596863,89.05,0.016408802934311437
963,0.0004819471597671509,85.28,0.0004819471597671509,85.28,0.016415471823941312
964,0.0004020917594432831,88.09,0.0004020917594432831,88.09,0.01642214071357119
965,0.0004050488501787186,88.5,0.0004050488501787186,88.5,0.016428809603201068
966,0.00038693198561668394,88.83,0.00038693198561668394,88.83,0.016435478492830943
967,0.0003989977985620499,88.72,0.0003989977985620499,88.72,0.016442147382460817
968,0.0003869580775499344,89.07000000000001,0.0003869580775499344,89.07000000000001,0.016448816272090695
969,0.00036746942698955535,89.25,0.00036746942698955535,89.25,0.016455485161720573
970,0.0003963073641061783,88.94,0.0003963073641061783,88.94,0.01646215405135045
971,0.0003756632685661316,89.0,0.0003756632685661316,89.0,0.016468822940980326
972,0.0004087583839893341,88.53,0.0004087583839893341,88.53,0.0164754918306102
973,0.0003963512063026428,88.97,0.0003963512063026428,88.97,0.01648216072024008
974,0.00038808896541595456,88.8,0.00038808896541595456,88.8,0.016488829609869957
975,0.00041649138927459716,88.12,0.00041649138927459716,88.12,0.01649549849949983
976,0.0004392948299646378,87.82,0.0004392948299646378,87.82,0.01650216738912971
977,0.0004144295334815979,88.47,0.0004144295334815979,88.47,0.016508836278759584
978,0.00038150147199630735,88.91,0.00038150147199630735,88.91,0.016515505168389462
979,0.00044829372465610503,87.17,0.00044829372465610503,87.17,0.01652217405801934
980,0.000436110383272171,87.56,0.000436110383272171,87.56,0.016528842947649214
981,0.0003824391782283783,89.27000000000001,0.0003824391782283783,89.27000000000001,0.016535511837279093
982,0.0003701310992240906,89.42,0.0003701310992240906,89.42,0.016542180726908967
983,0.00039832062125205996,88.7,0.00039832062125205996,88.7,0.016548849616538845
984,0.00036128531992435457,89.52,0.00036128531992435457,89.52,0.016555518506168723
985,0.000383974090218544,88.86,0.000383974090218544,88.86,0.016562187395798598
986,0.00038255776166915895,89.17,0.00038255776166915895,89.17,0.016568856285428476
987,0.0003544735699892044,89.67,0.0003544735699892044,89.67,0.01657552517505835
988,0.0003673280984163284,89.47,0.0003673280984163284,89.47,0.01658219406468823
989,0.00045198642313480376,87.7,0.00045198642313480376,87.7,0.016588862954318107
990,0.0004076136618852615,88.28,0.0004076136618852615,88.28,0.01659553184394798
991,0.0004206684321165085,87.92999999999999,0.0004206684321165085,87.92999999999999,0.01660220073357786
992,0.0004256400376558304,88.74,0.0004256400376558304,88.74,0.016608869623207734
993,0.00041057062447071073,88.29,0.00041057062447071073,88.29,0.016615538512837612
994,0.00039862661361694335,89.01,0.00039862661361694335,89.01,0.016622207402467486
995,0.000465043106675148,87.01,0.000465043106675148,87.01,0.016628876292097364
996,0.0004328278243541718,88.14999999999999,0.0004328278243541718,88.14999999999999,0.016635545181727242
997,0.0004653523415327072,87.1,0.0004653523415327072,87.1,0.016642214071357117
998,0.00038077747523784637,89.03999999999999,0.00038077747523784637,89.03999999999999,0.016648882960986995
999,0.0004126517117023468,88.44,0.0004126517117023468,88.44,0.016655551850616873
1000,0.00038664884865283964,89.37,0.00038664884865283964,89.37,0.016662220740246748
1001,0.0004019917458295822,88.53999999999999,0.0004019917458295822,88.53999999999999,0.016668889629876622
1002,0.00039895899295806883,88.53,0.00039895899295806883,88.53,0.0166755585195065
1003,0.00046695975959300994,87.03999999999999,0.00046695975959300994,87.03999999999999,0.01668222740913638
1004,0.0005216794937849045,86.00999999999999,0.0005216794937849045,86.00999999999999,0.016688896298766256
1005,0.00042731947004795076,87.31,0.00042731947004795076,87.31,0.01669556518839613
1006,0.00044003471732139587,87.48,0.00044003471732139587,87.48,0.016702234078026006
1007,0.00045186584293842313,86.91,0.00045186584293842313,86.91,0.016708902967655884
1008,0.0004260570526123047,88.0,0.0004260570526123047,88.0,0.01671557185728576
1009,0.0003617329716682434,89.05,0.0003617329716682434,89.05,0.016722240746915636
1010,0.00045553429424762725,87.63,0.00045553429424762725,87.63,0.016728909636545514
1011,0.00038763756453990937,88.84,0.00038763756453990937,88.84,0.01673557852617539
1012,0.0004405688464641571,87.35000000000001,0.0004405688464641571,87.35000000000001,0.016742247415805267
1013,0.0003735837668180466,89.13,0.0003735837668180466,89.13,0.016748916305435145
1014,0.00035728804171085356,89.69,0.00035728804171085356,89.69,0.01675558519506502
1015,0.0004128913700580597,88.12,0.0004128913700580597,88.12,0.016762254084694898
1016,0.0003956702470779419,88.57000000000001,0.0003956702470779419,88.57000000000001,0.016768922974324772
1017,0.000386506849527359,88.82,0.000386506849527359,88.82,0.01677559186395465
1018,0.00036064873933792116,89.32,0.00036064873933792116,89.32,0.01678226075358453
1019,0.000495279198884964,86.77,0.000495279198884964,86.77,0.016788929643214403
1020,0.000437414014339447,87.45,0.000437414014339447,87.45,0.01679559853284428
1021,0.0003969820529222488,88.85,0.0003969820529222488,88.85,0.016802267422474156
1022,0.00043129953742027284,87.75,0.00043129953742027284,87.75,0.016808936312104034
1023,0.0004222530573606491,88.28,0.0004222530573606491,88.28,0.01681560520173391
1024,0.0004569832384586334,87.19,0.0004569832384586334,87.19,0.016822274091363786
1025,0.00042230200469493866,88.11,0.00042230200469493866,88.11,0.016828942980993664
1026,0.0003842995166778564,89.14999999999999,0.0003842995166778564,89.14999999999999,0.01683561187062354
1027,0.00034369637072086335,89.91,0.00034369637072086335,89.91,0.016842280760253417
1028,0.0005570491552352905,83.81,0.0005570491552352905,83.81,0.01684894964988329
1029,0.0006670966744422912,81.69999999999999,0.0006670966744422912,81.69999999999999,0.01685561853951317
1030,0.0005307887732982636,85.39999999999999,0.0005307887732982636,85.39999999999999,0.016862287429143048
1031,0.00042439204454422,87.58,0.00042439204454422,87.58,0.016868956318772922
1032,0.00038964809179306033,88.42,0.00038964809179306033,88.42,0.0168756252084028
1033,0.0003752490997314453,89.25,0.0003752490997314453,89.25,0.01688229409803268
1034,0.0003545857787132263,89.16,0.0003545857787132263,89.16,0.016888962987662553
1035,0.0004290231615304947,87.99,0.0004290231615304947,87.99,0.016895631877292427
1036,0.0005551211059093475,84.69,0.0005551211059093475,84.69,0.016902300766922305
1037,0.00041642718613147734,88.12,0.00041642718613147734,88.12,0.016908969656552184
1038,0.0004155295699834824,87.87,0.0004155295699834824,87.87,0.01691563854618206
1039,0.0003706760436296463,89.31,0.0003706760436296463,89.31,0.016922307435811936
1040,0.00036262318789958957,89.44,0.00036262318789958957,89.44,0.016928976325441814
1041,0.0004214352130889893,88.49000000000001,0.0004214352130889893,88.49000000000001,0.01693564521507169
1042,0.00037369769513607027,89.34,0.00037369769513607027,89.34,0.016942314104701567
1043,0.00041657823026180265,88.28,0.00041657823026180265,88.28,0.01694898299433144
1044,0.0003811040073633194,89.16,0.0003811040073633194,89.16,0.01695565188396132
1045,0.00035358854830265046,89.95,0.00035358854830265046,89.95,0.016962320773591198
1046,0.000371186500787735,89.39,0.000371186500787735,89.39,0.016968989663221072
1047,0.0003664805591106415,89.4,0.0003664805591106415,89.4,0.01697565855285095
1048,0.00038235906064510344,88.98,0.00038235906064510344,88.98,0.016982327442480825
1049,0.0003718117564916611,89.42999999999999,0.0003718117564916611,89.42999999999999,0.016988996332110703
1050,0.00036265400350093843,89.42,0.00036265400350093843,89.42,0.016995665221740577
1051,0.0005577318578958512,84.5,0.0005577318578958512,84.5,0.017002334111370455
1052,0.00039853804409503935,88.57000000000001,0.00039853804409503935,88.57000000000001,0.017009003001000333
1053,0.0004251230716705322,87.87,0.0004251230716705322,87.87,0.017015671890630208
1054,0.00039970736503601076,88.62,0.00039970736503601076,88.62,0.017022340780260086
1055,0.00035398141741752623,89.92,0.00035398141741752623,89.92,0.01702900966988996
1056,0.00034251936078071596,89.75999999999999,0.00034251936078071596,89.75999999999999,0.01703567855951984
1057,0.0003849340379238129,89.21,0.0003849340379238129,89.21,0.017042347449149717
1058,0.0003942445993423462,88.69,0.0003942445993423462,88.69,0.01704901633877959
1059,0.00036871083974838255,89.4,0.00036871083974838255,89.4,0.01705568522840947
1060,0.00036972007751464843,89.46,0.00036972007751464843,89.46,0.017062354118039344
1061,0.00042241850793361664,88.44,0.00042241850793361664,88.44,0.017069023007669222
1062,0.0004224894344806671,88.24,0.0004224894344806671,88.24,0.0170756918972991
1063,0.0003968955785036087,89.14,0.0003968955785036087,89.14,0.017082360786928975
1064,0.00037171494364738466,89.02,0.00037171494364738466,89.02,0.017089029676558853
1065,0.0003727699100971222,89.09,0.0003727699100971222,89.09,0.017095698566188727
1066,0.00035219435393810274,89.55,0.00035219435393810274,89.55,0.017102367455818605
1067,0.0004198976427316666,88.39,0.0004198976427316666,88.39,0.017109036345448483
1068,0.0004524596005678177,87.7,0.0004524596005678177,87.7,0.017115705235078358
1069,0.00043312647342681884,87.81,0.00043312647342681884,87.81,0.017122374124708233
1070,0.0005444773077964782,85.16,0.0005444773077964782,85.16,0.01712904301433811
1071,0.0003718407690525055,89.41,0.0003718407690525055,89.41,0.01713571190396799
1072,0.00036209330558776854,89.75999999999999,0.00036209330558776854,89.75999999999999,0.017142380793597867
1073,0.0003626691609621048,89.87,0.0003626691609621048,89.87,0.01714904968322774
1074,0.000371865651011467,89.03,0.000371865651011467,89.03,0.01715571857285762
1075,0.0004165599137544632,88.3,0.0004165599137544632,88.3,0.017162387462487494
1076,0.00041161652505397795,88.63,0.00041161652505397795,88.63,0.017169056352117372
1077,0.0004860574245452881,86.4,0.0004860574245452881,86.4,0.017175725241747247
1078,0.0004531153202056885,87.72,0.0004531153202056885,87.72,0.017182394131377125
1079,0.00036425400972366333,89.28,0.00036425400972366333,89.28,0.017189063021007003
1080,0.00037082345485687254,89.21,0.00037082345485687254,89.21,0.017195731910636877
1081,0.0004119008004665375,88.38000000000001,0.0004119008004665375,88.38000000000001,0.017202400800266755
1082,0.000366567799448967,89.60000000000001,0.000366567799448967,89.60000000000001,0.017209069689896633
1083,0.0003563403695821762,89.48,0.0003563403695821762,89.48,0.017215738579526508
1084,0.0003550068229436874,89.64999999999999,0.0003550068229436874,89.64999999999999,0.017222407469156382
1085,0.0003729178100824356,88.98,0.0003729178100824356,88.98,0.01722907635878626
1086,0.00036232007443904874,89.71000000000001,0.00036232007443904874,89.71000000000001,0.01723574524841614
1087,0.0003770860314369202,89.53999999999999,0.0003770860314369202,89.53999999999999,0.017242414138046017
1088,0.0004066624104976654,88.33,0.0004066624104976654,88.33,0.01724908302767589
1089,0.0003801620274782181,88.94999999999999,0.0003801620274782181,88.94999999999999,0.017255751917305766
1090,0.00036383725702762606,89.09,0.00036383725702762606,89.09,0.017262420806935644
1091,0.0003917890220880508,89.27000000000001,0.0003917890220880508,89.27000000000001,0.017269089696565522
1092,0.0003659295380115509,89.51,0.0003659295380115509,89.51,0.017275758586195396
1093,0.00038802316188812257,88.87,0.00038802316188812257,88.87,0.017282427475825275
1094,0.00039001325368881223,88.99000000000001,0.00039001325368881223,88.99000000000001,0.01728909636545515
1095,0.00042635934352874756,88.09,0.00042635934352874756,88.09,0.017295765255085027
1096,0.00044312914311885835,87.72,0.00044312914311885835,87.72,0.017302434144714905
1097,0.0003715720146894455,89.49000000000001,0.0003715720146894455,89.49000000000001,0.01730910303434478
1098,0.00036725885272026064,89.77000000000001,0.00036725885272026064,89.77000000000001,0.017315771923974658
1099,0.00043878899216651915,87.52,0.00043878899216651915,87.52,0.017322440813604532
1100,0.00047139441668987274,87.17,0.00047139441668987274,87.17,0.01732910970323441
1101,0.00040406593978405,89.08,0.00040406593978405,89.08,0.01733577859286429
1102,0.00040882850885391237,88.42999999999999,0.00040882850885391237,88.42999999999999,0.017342447482494163
1103,0.00047422440946102144,87.66000000000001,0.00047422440946102144,87.66000000000001,0.017349116372124038
1104,0.0003703225821256638,89.68,0.0003703225821256638,89.68,0.017355785261753916
1105,0.000422939470410347,87.89,0.000422939470410347,87.89,0.017362454151383794
1106,0.0004598618894815445,86.83,0.0004598618894815445,86.83,0.017369123041013672
1107,0.00034842567145824434,89.60000000000001,0.00034842567145824434,89.60000000000001,0.017375791930643546
1108,0.00044683655500411985,87.77000000000001,0.00044683655500411985,87.77000000000001,0.017382460820273424
1109,0.0004531073331832886,87.64999999999999,0.0004531073331832886,87.64999999999999,0.0173891297099033
1110,0.00042778987288475035,88.17,0.00042778987288475035,88.17,0.017395798599533177
1111,0.0003639587789773941,89.56,0.0003639587789773941,89.56,0.01740246748916305
1112,0.00037744364142417905,89.16,0.00037744364142417905,89.16,0.01740913637879293
1113,0.00040021267831325533,88.77000000000001,0.00040021267831325533,88.77000000000001,0.017415805268422808
1114,0.0003775060921907425,89.09,0.0003775060921907425,89.09,0.017422474158052682
1115,0.0003671034663915634,89.29,0.0003671034663915634,89.29,0.01742914304768256
1116,0.0003852166175842285,89.03,0.0003852166175842285,89.03,0.01743581193731244
1117,0.00036624456644058226,89.52,0.00036624456644058226,89.52,0.017442480826942313
1118,0.00036710834205150604,89.53,0.00036710834205150604,89.53,0.017449149716572188
1119,0.00039413147270679475,88.71,0.00039413147270679475,88.71,0.017455818606202066
1120,0.00035874501168727874,89.53,0.00035874501168727874,89.53,0.017462487495831944
1121,0.0003700775623321533,89.38000000000001,0.0003700775623321533,89.38000000000001,0.017469156385461822
1122,0.00038178909718990326,89.05,0.00038178909718990326,89.05,0.017475825275091696
1123,0.0004309499442577362,88.0,0.0004309499442577362,88.0,0.01748249416472157
1124,0.00046241847574710846,87.77000000000001,0.00046241847574710846,87.77000000000001,0.01748916305435145
1125,0.00041445659399032595,88.41,0.00041445659399032595,88.41,0.017495831943981327
1126,0.00044003459811210635,88.06,0.00044003459811210635,88.06,0.0175025008336112
1127,0.00036730735898017885,89.55,0.00036730735898017885,89.55,0.01750916972324108
1128,0.00038219648003578186,89.27000000000001,0.00038219648003578186,89.27000000000001,0.017515838612870954
1129,0.00042323845624923706,88.09,0.00042323845624923706,88.09,0.017522507502500832
1130,0.00039596628546714784,88.9,0.00039596628546714784,88.9,0.01752917639213071
1131,0.00043760140240192415,88.14,0.00043760140240192415,88.14,0.017535845281760585
1132,0.0004122602641582489,88.23,0.0004122602641582489,88.23,0.017542514171390463
1133,0.0006550458490848541,83.22,0.0006550458490848541,83.22,0.017549183061020338
1134,0.0004408487528562546,87.08,0.0004408487528562546,87.08,0.017555851950650216
1135,0.000437306222319603,88.13,0.000437306222319603,88.13,0.017562520840280094
1136,0.0010350547671318054,74.72,0.0010350547671318054,74.72,0.017569189729909968
1137,0.000608537021279335,84.78999999999999,0.000608537021279335,84.78999999999999,0.017575858619539846
1138,0.0004316819041967392,87.17,0.0004316819041967392,87.17,0.01758252750916972
1139,0.00042636221945285797,87.88,0.00042636221945285797,87.88,0.0175891963987996
1140,0.0004238107979297638,87.35000000000001,0.0004238107979297638,87.35000000000001,0.017595865288429477
1141,0.00040121358633041384,88.4,0.00040121358633041384,88.4,0.01760253417805935
1142,0.0003406585156917572,89.57000000000001,0.0003406585156917572,89.57000000000001,0.01760920306768923
1143,0.0004070536196231842,87.92,0.0004070536196231842,87.92,0.017615871957319104
1144,0.00037164559364318846,88.94,0.00037164559364318846,88.94,0.017622540846948982
1145,0.0003773744344711304,89.07000000000001,0.0003773744344711304,89.07000000000001,0.01762920973657886
1146,0.00038427113890647887,89.25999999999999,0.00038427113890647887,89.25999999999999,0.017635878626208735
1147,0.0004121353447437286,88.67,0.0004121353447437286,88.67,0.017642547515838613
1148,0.0005208112448453903,85.99,0.0005208112448453903,85.99,0.017649216405468487
1149,0.0005866658091545105,83.5,0.0005866658091545105,83.5,0.017655885295098366
1150,0.0004206069231033325,88.34,0.0004206069231033325,88.34,0.017662554184728244
1151,0.00037511235773563385,88.94999999999999,0.00037511235773563385,88.94999999999999,0.017669223074358118
1152,0.0005006704032421112,85.72999999999999,0.0005006704032421112,85.72999999999999,0.017675891963987993
1153,0.00042549664974212646,87.53,0.00042549664974212646,87.53,0.01768256085361787
1154,0.0006424081385135651,82.43,0.0006424081385135651,82.43,0.01768922974324775
1155,0.00040974426567554474,88.0,0.00040974426567554474,88.0,0.017695898632877627
1156,0.0004172501981258392,88.34,0.0004172501981258392,88.34,0.0177025675225075
1157,0.0003906887650489807,88.38000000000001,0.0003906887650489807,88.38000000000001,0.017709236412137376
1158,0.0004030791163444519,87.96000000000001,0.0004030791163444519,87.96000000000001,0.017715905301767254
1159,0.00041711255609989164,87.75,0.00041711255609989164,87.75,0.017722574191397132
1160,0.00038503695130348207,88.99000000000001,0.00038503695130348207,88.99000000000001,0.017729243081027007
1161,0.0003948774367570877,88.57000000000001,0.0003948774367570877,88.57000000000001,0.017735911970656885
1162,0.0004358121782541275,87.36,0.0004358121782541275,87.36,0.017742580860286763
1163,0.00041381264626979826,87.8,0.00041381264626979826,87.8,0.017749249749916637
1164,0.0004798404484987259,86.17,0.0004798404484987259,86.17,0.017755918639546515
1165,0.00037277562022209167,89.21,0.00037277562022209167,89.21,0.01776258752917639
1166,0.00039549263417720793,88.68,0.00039549263417720793,88.68,0.017769256418806268
1167,0.0004745248258113861,86.64,0.0004745248258113861,86.64,0.017775925308436143
1168,0.0005296916782855988,85.22999999999999,0.0005296916782855988,85.22999999999999,0.01778259419806602
1169,0.00044358798265457154,87.56,0.00044358798265457154,87.56,0.0177892630876959
1170,0.00048361039757728575,85.98,0.00048361039757728575,85.98,0.017795931977325777
1171,0.00042452425956726077,87.69,0.00042452425956726077,87.69,0.01780260086695565
1172,0.00038163599371910094,89.05999999999999,0.00038163599371910094,89.05999999999999,0.017809269756585526
1173,0.00034260126948356626,89.69,0.00034260126948356626,89.69,0.017815938646215404
1174,0.00034812585711479187,89.72,0.00034812585711479187,89.72,0.017822607535845282
1175,0.00036239500343799593,89.09,0.00036239500343799593,89.09,0.017829276425475157
1176,0.00034887617528438566,90.0,0.00034887617528438566,90.0,0.01783594531510503
1177,0.0003638871669769287,89.55,0.0003638871669769287,89.55,0.01784261420473491
1178,0.000379338064789772,89.12,0.000379338064789772,89.12,0.017849283094364787
1179,0.00035343479812145236,89.75999999999999,0.00035343479812145236,89.75999999999999,0.017855951983994665
1180,0.0003563163012266159,89.91,0.0003563163012266159,89.91,0.01786262087362454
1181,0.00036997101604938505,89.75,0.00036997101604938505,89.75,0.017869289763254418
1182,0.00036509160697460177,89.16,0.00036509160697460177,89.16,0.017875958652884293
1183,0.0003742579251527786,89.7,0.0003742579251527786,89.7,0.01788262754251417
1184,0.00040148662626743315,88.79,0.00040148662626743315,88.79,0.01788929643214405
1185,0.0003677191108465195,89.64999999999999,0.0003677191108465195,89.64999999999999,0.017895965321773923
1186,0.00037064485549926756,89.39,0.00037064485549926756,89.39,0.017902634211403798
1187,0.0005013751357793808,85.94000000000001,0.0005013751357793808,85.94000000000001,0.017909303101033676
1188,0.0004851068288087845,86.41,0.0004851068288087845,86.41,0.017915971990663554
1189,0.0005909491062164306,83.58,0.0005909491062164306,83.58,0.017922640880293432
1190,0.00044028370082378385,86.83,0.00044028370082378385,86.83,0.017929309769923307
1191,0.0004360775887966156,87.58,0.0004360775887966156,87.58,0.01793597865955318
1192,0.00043567847907543183,87.2,0.00043567847907543183,87.2,0.01794264754918306
1193,0.0003746691197156906,89.05,0.0003746691197156906,89.05,0.017949316438812937
1194,0.0003737836420536041,89.13,0.0003737836420536041,89.13,0.017955985328442815
1195,0.0003901863813400269,88.86,0.0003901863813400269,88.86,0.01796265421807269
1196,0.00045970450043678285,86.61999999999999,0.00045970450043678285,86.61999999999999,0.017969323107702564
1197,0.00048283298909664155,86.49,0.00048283298909664155,86.49,0.017975991997332443
1198,0.0006132565438747406,83.62,0.0006132565438747406,83.62,0.01798266088696232
1199,0.000399361452460289,88.6,0.000399361452460289,88.6,0.0179893297765922
1200,0.00036818391382694246,89.21,0.00036818391382694246,89.21,0.017995998666222073
1201,0.000432821586728096,86.97,0.000432821586728096,86.97,0.018002667555851948
1202,0.0004120628267526627,88.55,0.0004120628267526627,88.55,0.018009336445481826
1203,0.00037434914708137513,88.74,0.00037434914708137513,88.74,0.018016005335111704
1204,0.00048098593950271604,86.83,0.00048098593950271604,86.83,0.018022674224741582
1205,0.00047025016844272615,86.61999999999999,0.00047025016844272615,86.61999999999999,0.018029343114371457
1206,0.00041356359124183656,87.77000000000001,0.00041356359124183656,87.77000000000001,0.01803601200400133
1207,0.0003694437623023987,89.08,0.0003694437623023987,89.08,0.01804268089363121
1208,0.0003731789082288742,89.35,0.0003731789082288742,89.35,0.018049349783261087
1209,0.00036531981825828553,89.34,0.00036531981825828553,89.34,0.018056018672890962
1210,0.0003556709438562393,89.48,0.0003556709438562393,89.48,0.018062687562520836
1211,0.0005449408173561096,84.98,0.0005449408173561096,84.98,0.018069356452150714
1212,0.00037510760724544524,89.17,0.00037510760724544524,89.17,0.018076025341780592
1213,0.000374045729637146,89.28,0.000374045729637146,89.28,0.01808269423141047
1214,0.00035575079321861265,90.23,0.00035575079321861265,90.23,0.018089363121040345
1215,0.0007014566838741302,81.69999999999999,0.0007014566838741302,81.69999999999999,0.018096032010670223
1216,0.00046181866228580477,87.46000000000001,0.00046181866228580477,87.46000000000001,0.018102700900300098
1217,0.0003861896425485611,88.96,0.0003861896425485611,88.96,0.018109369789929976
1218,0.0004053213894367218,88.98,0.0004053213894367218,88.98,0.018116038679559854
1219,0.00045771085917949676,87.6,0.00045771085917949676,87.6,0.01812270756918973
1220,0.0003619504153728485,89.38000000000001,0.0003619504153728485,89.38000000000001,0.018129376458819606
1221,0.00036568406522274015,89.51,0.00036568406522274015,89.51,0.01813604534844948
1222,0.000388819295167923,88.7,0.000388819295167923,88.7,0.01814271423807936
1223,0.0003683447510004044,89.67,0.0003683447510004044,89.67,0.018149383127709237
1224,0.0004414049953222275,87.62,0.0004414049953222275,87.62,0.01815605201733911
1225,0.0005157654017210007,85.98,0.0005157654017210007,85.98,0.018162720906968986
1226,0.00042988101840019224,87.88,0.00042988101840019224,87.88,0.018169389796598864
1227,0.00035397759974002837,89.57000000000001,0.00035397759974002837,89.57000000000001,0.018176058686228742
1228,0.00038215675354003905,88.68,0.00038215675354003905,88.68,0.01818272757585862
1229,0.00038669686317443846,89.0,0.00038669686317443846,89.0,0.018189396465488495
1230,0.0003697070986032486,89.25999999999999,0.0003697070986032486,89.25999999999999,0.01819606535511837
1231,0.00036561917960643766,89.61,0.00036561917960643766,89.61,0.018202734244748248
1232,0.0003611168831586838,89.67,0.0003611168831586838,89.67,0.018209403134378126
1233,0.0003552286237478256,89.71000000000001,0.0003552286237478256,89.71000000000001,0.018216072024008004
1234,0.0003733840137720108,89.67,0.0003733840137720108,89.67,0.01822274091363788
1235,0.0003654766112565994,89.44,0.0003654766112565994,89.44,0.018229409803267753
1236,0.0003628897339105606,89.52,0.0003628897339105606,89.52,0.01823607869289763
1237,0.000394709849357605,88.87,0.000394709849357605,88.87,0.01824274758252751
1238,0.000385489895939827,89.19,0.000385489895939827,89.19,0.018249416472157387
1239,0.00039524007439613345,89.08,0.00039524007439613345,89.08,0.01825608536178726
1240,0.00040334743559360505,89.07000000000001,0.00040334743559360505,89.07000000000001,0.018262754251417136
1241,0.000366237810254097,89.8,0.000366237810254097,89.8,0.018269423141047014
1242,0.00039612562954425813,89.13,0.00039612562954425813,89.13,0.018276092030676892
1243,0.00040509386360645293,89.1,0.00040509386360645293,89.1,0.018282760920306767
1244,0.0003736600995063782,89.57000000000001,0.0003736600995063782,89.57000000000001,0.01828942980993664
1245,0.0004154926121234894,88.53,0.0004154926121234894,88.53,0.01829609869956652
1246,0.00037460287809371946,89.53,0.00037460287809371946,89.53,0.018302767589196398
1247,0.00036748341023921965,89.61,0.00036748341023921965,89.61,0.018309436478826276
1248,0.00037412113547325137,89.53999999999999,0.00037412113547325137,89.53999999999999,0.018316105368456154
1249,0.0004103572905063629,88.57000000000001,0.0004103572905063629,88.57000000000001,0.018322774258086028
1250,0.0003815287172794342,89.22,0.0003815287172794342,89.22,0.018329443147715903
1251,0.00037863038778305054,89.38000000000001,0.00037863038778305054,89.38000000000001,0.01833611203734578
1252,0.0003942635625600815,88.98,0.0003942635625600815,88.98,0.01834278092697566
1253,0.0004887921780347824,86.21,0.0004887921780347824,86.21,0.018349449816605537
1254,0.0004596085608005524,87.5,0.0004596085608005524,87.5,0.01835611870623541
1255,0.0003829378843307495,88.87,0.0003829378843307495,88.87,0.018362787595865286
1256,0.0003682260930538177,89.28,0.0003682260930538177,89.28,0.018369456485495164
1257,0.0004874296247959137,87.2,0.0004874296247959137,87.2,0.018376125375125042
1258,0.00040112983286380767,88.59,0.00040112983286380767,88.59,0.018382794264754917
1259,0.0003860396325588226,89.25999999999999,0.0003860396325588226,89.25999999999999,0.01838946315438479
1260,0.0004054067015647888,88.72,0.0004054067015647888,88.72,0.01839613204401467
1261,0.0004033513277769089,88.75,0.0004033513277769089,88.75,0.018402800933644547
1262,0.0003491956502199173,90.07,0.0003491956502199173,90.07,0.018409469823274426
1263,0.0004702706217765808,86.72,0.0004702706217765808,86.72,0.0184161387129043
1264,0.00040401354134082795,88.6,0.00040401354134082795,88.6,0.018422807602534175
1265,0.00043093184530735017,88.3,0.00043093184530735017,88.3,0.018429476492164053
1266,0.0005216314226388931,85.35000000000001,0.0005216314226388931,85.35000000000001,0.01843614538179393
1267,0.00042223782539367675,88.19,0.00042223782539367675,88.19,0.01844281427142381
1268,0.00039350540339946747,88.73,0.00039350540339946747,88.73,0.018449483161053683
1269,0.0004198543727397919,88.06,0.0004198543727397919,88.06,0.018456152050683558
1270,0.00048169516921043394,85.58,0.00048169516921043394,85.58,0.018462820940313436
1271,0.00038979640603065493,88.69,0.00038979640603065493,88.69,0.018469489829943314
1272,0.0005053485244512558,85.72999999999999,0.0005053485244512558,85.72999999999999,0.018476158719573192
1273,0.0004954934507608414,86.61999999999999,0.0004954934507608414,86.61999999999999,0.018482827609203067
1274,0.0003815808892250061,89.09,0.0003815808892250061,89.09,0.01848949649883294
1275,0.00038457868993282317,89.18,0.00038457868993282317,89.18,0.01849616538846282
1276,0.0004312202215194702,87.85,0.0004312202215194702,87.85,0.018502834278092697
1277,0.00035963242948055266,89.5,0.00035963242948055266,89.5,0.018509503167722572
1278,0.0003975487858057022,88.87,0.0003975487858057022,88.87,0.01851617205735245
1279,0.0004229484379291534,87.94999999999999,0.0004229484379291534,87.94999999999999,0.018522840946982325
1280,0.00036845676004886626,89.47,0.00036845676004886626,89.47,0.018529509836612203
1281,0.00037234150469303134,89.55,0.00037234150469303134,89.55,0.01853617872624208
1282,0.00036070350110530854,89.62,0.00036070350110530854,89.62,0.01854284761587196
1283,0.00034461900889873505,90.03999999999999,0.00034461900889873505,90.03999999999999,0.018549516505501833
1284,0.0003513847380876541,90.03,0.0003513847380876541,90.03,0.018556185395131708
1285,0.0004365696310997009,87.94999999999999,0.0004365696310997009,87.94999999999999,0.018562854284761586
1286,0.00036400549709796905,89.48,0.00036400549709796905,89.48,0.018569523174391464
1287,0.0009541406095027923,74.99,0.0009541406095027923,74.99,0.018576192064021342
1288,0.0006911564588546753,80.7,0.0006911564588546753,80.7,0.018582860953651217
1289,0.0004944379389286042,85.46000000000001,0.0004944379389286042,85.46000000000001,0.01858952984328109
1290,0.0004251878917217255,87.71,0.0004251878917217255,87.71,0.01859619873291097
1291,0.00038480019569396974,88.32,0.00038480019569396974,88.32,0.018602867622540847
1292,0.00037309441268444063,89.08,0.00037309441268444063,89.08,0.018609536512170722
1293,0.00046322560608386994,87.2,0.00046322560608386994,87.2,0.018616205401800597
1294,0.0004646695405244827,85.95,0.0004646695405244827,85.95,0.018622874291430475
1295,0.0003994558244943619,88.24,0.0003994558244943619,88.24,0.018629543181060353
1296,0.0004282873123884201,87.75,0.0004282873123884201,87.75,0.01863621207069023
1297,0.0003957366317510605,88.25,0.0003957366317510605,88.25,0.018642880960320105
1298,0.00038465714752674104,88.38000000000001,0.00038465714752674104,88.38000000000001,0.01864954984994998
1299,0.0005389566242694854,85.35000000000001,0.0005389566242694854,85.35000000000001,0.018656218739579858
1300,0.00041701488196849824,87.47,0.00041701488196849824,87.47,0.018662887629209736
1301,0.00038967785239219665,88.47,0.00038967785239219665,88.47,0.018669556518839614
1302,0.0003664037823677063,89.42999999999999,0.0003664037823677063,89.42999999999999,0.01867622540846949
1303,0.0004192466050386429,87.7,0.0004192466050386429,87.7,0.018682894298099367
1304,0.0004003585010766983,88.59,0.0004003585010766983,88.59,0.01868956318772924
1305,0.0003499537378549576,89.69,0.0003499537378549576,89.69,0.01869623207735912
1306,0.00042649985253810884,87.94999999999999,0.00042649985253810884,87.94999999999999,0.018702900966988997
1307,0.00047407906651496885,86.44,0.00047407906651496885,86.44,0.018709569856618872
1308,0.0003562830120325089,89.74,0.0003562830120325089,89.74,0.018716238746248746
1309,0.0004112531125545502,88.42999999999999,0.0004112531125545502,88.42999999999999,0.018722907635878624
1310,0.0003493770360946655,89.77000000000001,0.0003493770360946655,89.77000000000001,0.018729576525508503
1311,0.0003642733246088028,89.58,0.0003642733246088028,89.58,0.018736245415138377
1312,0.0003429885238409042,90.09,0.0003429885238409042,90.09,0.018742914304768255
1313,0.0003455059140920639,90.07,0.0003455059140920639,90.07,0.01874958319439813
1314,0.0003790767103433609,89.03999999999999,0.0003790767103433609,89.03999999999999,0.018756252084028008
1315,0.0003648190349340439,89.79,0.0003648190349340439,89.79,0.018762920973657886
1316,0.00040672530829906464,88.8,0.00040672530829906464,88.8,0.018769589863287764
1317,0.0003840979814529419,88.7,0.0003840979814529419,88.7,0.01877625875291764
1318,0.00043903692066669464,87.38,0.00043903692066669464,87.38,0.018782927642547513
1319,0.0003926841765642166,88.71,0.0003926841765642166,88.71,0.01878959653217739
1320,0.00039539217054843903,88.67,0.00039539217054843903,88.67,0.01879626542180727
1321,0.00034983885288238526,90.03999999999999,0.00034983885288238526,90.03999999999999,0.018802934311437147
1322,0.0004375677198171616,87.14,0.0004375677198171616,87.14,0.018809603201067022
1323,0.00048367791175842284,86.52,0.00048367791175842284,86.52,0.018816272090696896
1324,0.00039762040376663206,88.75,0.00039762040376663206,88.75,0.018822940980326774
1325,0.00038059527575969693,88.85,0.00038059527575969693,88.85,0.018829609869956652
1326,0.0004001787334680557,88.44999999999999,0.0004001787334680557,88.44999999999999,0.018836278759586527
1327,0.0003840987890958786,88.81,0.0003840987890958786,88.81,0.0188429476492164
1328,0.00040204727351665496,88.55,0.00040204727351665496,88.55,0.01884961653884628
1329,0.0005305268317461014,84.89999999999999,0.0005305268317461014,84.89999999999999,0.018856285428476158
1330,0.00041884120404720305,87.91,0.00041884120404720305,87.91,0.018862954318106036
1331,0.00039226759970188143,88.82,0.00039226759970188143,88.82,0.01886962320773591
1332,0.00036940101981163025,89.14,0.00036940101981163025,89.14,0.01887629209736579
1333,0.0003746629506349564,89.25,0.0003746629506349564,89.25,0.018882960986995663
1334,0.0004038800835609436,88.29,0.0004038800835609436,88.29,0.01888962987662554
1335,0.00036347584426403047,89.62,0.00036347584426403047,89.62,0.01889629876625542
1336,0.0005441368818283082,84.71,0.0005441368818283082,84.71,0.018902967655885294
1337,0.0005384748995304108,84.78,0.0005384748995304108,84.78,0.01890963654551517
1338,0.0005009655863046646,87.01,0.0005009655863046646,87.01,0.018916305435145046
1339,0.0004476196587085724,87.07000000000001,0.0004476196587085724,87.07000000000001,0.018922974324774924
1340,0.0004070079952478409,88.14999999999999,0.0004070079952478409,88.14999999999999,0.018929643214404802
1341,0.0005299329221248627,84.52,0.0005299329221248627,84.52,0.018936312104034677
1342,0.0004334808617830277,87.92,0.0004334808617830277,87.92,0.01894298099366455
1343,0.00038308154344558716,89.19,0.00038308154344558716,89.19,0.01894964988329443
1344,0.0003589945644140244,89.64,0.0003589945644140244,89.64,0.018956318772924308
1345,0.00036422930955886843,89.52,0.00036422930955886843,89.52,0.018962987662554186
1346,0.0003729571431875229,89.5,0.0003729571431875229,89.5,0.01896965655218406
1347,0.00038413054645061495,89.12,0.00038413054645061495,89.12,0.018976325441813935
1348,0.00045973158776760104,87.27000000000001,0.00045973158776760104,87.27000000000001,0.018982994331443813
1349,0.00040759329199790956,88.56,0.00040759329199790956,88.56,0.01898966322107369
1350,0.00046973737180233,85.8,0.00046973737180233,85.8,0.01899633211070357
1351,0.0005757015585899353,85.31,0.0005757015585899353,85.31,0.019003001000333444
1352,0.00035889761447906496,89.63,0.00035889761447906496,89.63,0.019009669889963318
1353,0.000381224137544632,88.74,0.000381224137544632,88.74,0.019016338779593196
1354,0.0003695588707923889,89.58,0.0003695588707923889,89.58,0.019023007669223074
1355,0.00034755750000476835,89.61,0.00034755750000476835,89.61,0.019029676558852952
1356,0.00036483890116214754,89.57000000000001,0.00036483890116214754,89.57000000000001,0.019036345448482827
1357,0.0004251075029373169,88.24,0.0004251075029373169,88.24,0.0190430143381127
1358,0.00036560757160186767,89.39,0.00036560757160186767,89.39,0.01904968322774258
1359,0.00039378157556056975,88.82,0.00039378157556056975,88.82,0.019056352117372458
1360,0.00035192199945449827,90.22,0.00035192199945449827,90.22,0.019063021007002332
1361,0.00034992726147174837,89.97,0.00034992726147174837,89.97,0.019069689896632207
1362,0.00037940169274806976,89.21,0.00037940169274806976,89.21,0.019076358786262085
1363,0.0005133883565664291,86.33999999999999,0.0005133883565664291,86.33999999999999,0.019083027675891963
1364,0.000522864755988121,84.66,0.000522864755988121,84.66,0.01908969656552184
1365,0.00040669884383678434,88.33,0.00040669884383678434,88.33,0.019096365455151715
1366,0.00044423805773258207,87.53999999999999,0.00044423805773258207,87.53999999999999,0.019103034344781594
1367,0.0004021434962749481,88.47,0.0004021434962749481,88.47,0.019109703234411468
1368,0.00044637453258037567,86.95,0.00044637453258037567,86.95,0.019116372124041346
1369,0.0004126919388771057,87.97,0.0004126919388771057,87.97,0.019123041013671224
1370,0.0003611823946237564,89.23,0.0003611823946237564,89.23,0.019129709903301102
1371,0.00037913438379764557,89.36,0.00037913438379764557,89.36,0.019136378792930977
1372,0.00038669600784778596,88.75,0.00038669600784778596,88.75,0.01914304768256085
1373,0.0004257650405168533,88.18,0.0004257650405168533,88.18,0.01914971657219073
1374,0.0003672257274389267,89.03999999999999,0.0003672257274389267,89.03999999999999,0.019156385461820608
1375,0.00040204193294048307,88.69,0.00040204193294048307,88.69,0.019163054351450482
1376,0.0003588181972503662,89.60000000000001,0.0003588181972503662,89.60000000000001,0.019169723241080357
1377,0.00037656570076942446,89.45,0.00037656570076942446,89.45,0.019176392130710235
1378,0.00035547475218772887,89.78,0.00035547475218772887,89.78,0.019183061020340113
1379,0.0003687800496816635,89.68,0.0003687800496816635,89.68,0.01918972990996999
1380,0.0003625966638326645,89.97,0.0003625966638326645,89.97,0.019196398799599865
1381,0.0005392320424318313,85.64,0.0005392320424318313,85.64,0.01920306768922974
1382,0.0004609197020530701,86.71,0.0004609197020530701,86.71,0.019209736578859618
1383,0.00042110458016395567,88.27000000000001,0.00042110458016395567,88.27000000000001,0.019216405468489496
1384,0.00039102394580841065,88.84,0.00039102394580841065,88.84,0.019223074358119374
1385,0.0004566070795059204,87.66000000000001,0.0004566070795059204,87.66000000000001,0.01922974324774925
1386,0.00037945582270622254,89.29,0.00037945582270622254,89.29,0.019236412137379123
1387,0.0003987082630395889,88.86,0.0003987082630395889,88.86,0.019243081027009
1388,0.00035937613844871523,90.0,0.00035937613844871523,90.0,0.01924974991663888
1389,0.0004562690585851669,87.28,0.0004562690585851669,87.28,0.019256418806268757
1390,0.00043845112919807435,88.17,0.00043845112919807435,88.17,0.019263087695898632
1391,0.0004017919301986694,88.82,0.0004017919301986694,88.82,0.019269756585528507
1392,0.0003767107337713242,89.05,0.0003767107337713242,89.05,0.019276425475158385
1393,0.0003652583062648773,89.22,0.0003652583062648773,89.22,0.019283094364788263
1394,0.00037146989703178406,89.48,0.00037146989703178406,89.48,0.019289763254418137
1395,0.0003649594396352768,89.44,0.0003649594396352768,89.44,0.019296432144048015
1396,0.0004636476665735245,86.92999999999999,0.0004636476665735245,86.92999999999999,0.01930310103367789
1397,0.00044474559128284454,88.35,0.00044474559128284454,88.35,0.019309769923307768
1398,0.000382078617811203,89.11,0.000382078617811203,89.11,0.019316438812937646
1399,0.00037427840530872346,89.25999999999999,0.00037427840530872346,89.25999999999999,0.01932310770256752
1400,0.00038439998626708987,88.92999999999999,0.00038439998626708987,88.92999999999999,0.0193297765921974
1401,0.00043831276297569277,87.67,0.00043831276297569277,87.67,0.019336445481827273
1402,0.00036321554481983184,89.63,0.00036321554481983184,89.63,0.01934311437145715
1403,0.0003658740222454071,89.38000000000001,0.0003658740222454071,89.38000000000001,0.01934978326108703
1404,0.0003659951657056808,89.49000000000001,0.0003659951657056808,89.49000000000001,0.019356452150716907
1405,0.0003556873232126236,89.64999999999999,0.0003556873232126236,89.64999999999999,0.019363121040346782
1406,0.00037244694232940674,89.38000000000001,0.00037244694232940674,89.38000000000001,0.019369789929976657
1407,0.0003581034243106842,89.67,0.0003581034243106842,89.67,0.019376458819606535
1408,0.00045399855971336366,87.21,0.00045399855971336366,87.21,0.019383127709236413
1409,0.000344291153550148,89.88000000000001,0.000344291153550148,89.88000000000001,0.019389796598866287
1410,0.0004099424928426743,88.58,0.0004099424928426743,88.58,0.019396465488496162
1411,0.000370387527346611,89.52,0.000370387527346611,89.52,0.01940313437812604
1412,0.00037121707201004026,89.33,0.00037121707201004026,89.33,0.019409803267755918
1413,0.0003871458321809769,89.19,0.0003871458321809769,89.19,0.019416472157385796
1414,0.00037318604588508606,89.27000000000001,0.00037318604588508606,89.27000000000001,0.01942314104701567
1415,0.0005414265841245651,84.1,0.0005414265841245651,84.1,0.019429809936645545
1416,0.0004638398975133896,86.86,0.0004638398975133896,86.86,0.019436478826275423
1417,0.00038290672302246094,88.75999999999999,0.00038290672302246094,88.75999999999999,0.0194431477159053
1418,0.00037844399213790895,89.07000000000001,0.00037844399213790895,89.07000000000001,0.01944981660553518
1419,0.00036405427157878875,89.61,0.00036405427157878875,89.61,0.019456485495165054
1420,0.0003473103553056717,90.0,0.0003473103553056717,90.0,0.019463154384794932
1421,0.00035193239450454714,89.86,0.00035193239450454714,89.86,0.019469823274424806
1422,0.00037959364354610444,89.34,0.00037959364354610444,89.34,0.019476492164054685
1423,0.0005092482089996338,86.27,0.0005092482089996338,86.27,0.019483161053684563
1424,0.00043888255655765535,87.64,0.00043888255655765535,87.64,0.019489829943314437
1425,0.00044810748398303984,87.76,0.00044810748398303984,87.76,0.019496498832944312
1426,0.00037640146017074586,89.25,0.00037640146017074586,89.25,0.01950316772257419
1427,0.00035633019804954527,89.05999999999999,0.00035633019804954527,89.05999999999999,0.019509836612204068
1428,0.0004320427805185318,87.98,0.0004320427805185318,87.98,0.019516505501833946
1429,0.0006097832083702087,83.17,0.0006097832083702087,83.17,0.01952317439146382
1430,0.0004258428692817688,88.14,0.0004258428692817688,88.14,0.019529843281093695
1431,0.0003669475704431534,89.2,0.0003669475704431534,89.2,0.019536512170723573
1432,0.0004010590761899948,88.42999999999999,0.0004010590761899948,88.42999999999999,0.01954318106035345
1433,0.0003674799531698227,89.42,0.0003674799531698227,89.42,0.01954984994998333
1434,0.0003759065866470337,89.38000000000001,0.0003759065866470337,89.38000000000001,0.019556518839613204
1435,0.0004680364340543747,87.16000000000001,0.0004680364340543747,87.16000000000001,0.01956318772924308
1436,0.0005450408577919007,85.39,0.0005450408577919007,85.39,0.019569856618872956
1437,0.00042376473248004914,88.07000000000001,0.00042376473248004914,88.07000000000001,0.019576525508502834
1438,0.00042410542368888853,87.92,0.00042410542368888853,87.92,0.019583194398132713
1439,0.0004048008918762207,87.96000000000001,0.0004048008918762207,87.96000000000001,0.019589863287762587
1440,0.0003744797736406326,89.02,0.0003744797736406326,89.02,0.01959653217739246
1441,0.00036696858406066893,89.37,0.00036696858406066893,89.37,0.01960320106702234
1442,0.00040298096537590025,89.03,0.00040298096537590025,89.03,0.019609869956652218
1443,0.0003850923299789429,88.99000000000001,0.0003850923299789429,88.99000000000001,0.019616538846282092
1444,0.00036428907215595245,89.39,0.00036428907215595245,89.39,0.019623207735911967
1445,0.0003802371382713318,89.52,0.0003802371382713318,89.52,0.019629876625541845
1446,0.00034781579077243805,90.22,0.00034781579077243805,90.22,0.019636545515171723
1447,0.0003743341982364655,89.53999999999999,0.0003743341982364655,89.53999999999999,0.0196432144048016
1448,0.000417275071144104,88.47,0.000417275071144104,88.47,0.019649883294431476
1449,0.00039568591415882113,88.63,0.00039568591415882113,88.63,0.01965655218406135
1450,0.0003751618683338165,89.69,0.0003751618683338165,89.69,0.01966322107369123
1451,0.00038978619873523713,89.0,0.00038978619873523713,89.0,0.019669889963321106
1452,0.00043244544863700867,87.68,0.00043244544863700867,87.68,0.019676558852950984
1453,0.00039657296538352966,88.62,0.00039657296538352966,88.62,0.01968322774258086
1454,0.00044417325258255005,87.94999999999999,0.00044417325258255005,87.94999999999999,0.019689896632210737
1455,0.00041386670768260955,88.22,0.00041386670768260955,88.22,0.01969656552184061
1456,0.00044440821707248686,88.01,0.00044440821707248686,88.01,0.01970323441147049
1457,0.00042650284469127655,88.52,0.00042650284469127655,88.52,0.019709903301100368
1458,0.00040177939236164096,88.72,0.00040177939236164096,88.72,0.019716572190730242
1459,0.00037938569784164427,89.38000000000001,0.00037938569784164427,89.38000000000001,0.019723241080360117
1460,0.00043265369236469267,88.03,0.00043265369236469267,88.03,0.019729909969989995
1461,0.00038432244956493377,89.31,0.00038432244956493377,89.31,0.019736578859619873
1462,0.0004752214878797531,86.79,0.0004752214878797531,86.79,0.01974324774924975
1463,0.00042353303134441374,88.36,0.00042353303134441374,88.36,0.019749916638879626
1464,0.00037007055282592773,89.78,0.00037007055282592773,89.78,0.0197565855285095
1465,0.0003648156225681305,89.63,0.0003648156225681305,89.63,0.019763254418139378
1466,0.00037841759622097014,89.79,0.00037841759622097014,89.79,0.019769923307769256
1467,0.00037483170032501223,89.48,0.00037483170032501223,89.48,0.019776592197399134
1468,0.0003682877779006958,89.79,0.0003682877779006958,89.79,0.01978326108702901
1469,0.0003964835464954376,89.51,0.0003964835464954376,89.51,0.019789929976658883
1470,0.0004149413257837296,88.52,0.0004149413257837296,88.52,0.01979659886628876
1471,0.0003717403382062912,89.74,0.0003717403382062912,89.74,0.01980326775591864
1472,0.0003666988104581833,89.87,0.0003666988104581833,89.87,0.019809936645548518
1473,0.0003958996206521988,89.19,0.0003958996206521988,89.19,0.019816605535178392
1474,0.0003552172482013702,90.33,0.0003552172482013702,90.33,0.019823274424808267
1475,0.0006061308860778809,83.26,0.0006061308860778809,83.26,0.019829943314438145
1476,0.0006469407379627228,82.25,0.0006469407379627228,82.25,0.019836612204068023
1477,0.00043495503067970275,87.26,0.00043495503067970275,87.26,0.019843281093697897
1478,0.00038901366889476776,88.44999999999999,0.00038901366889476776,88.44999999999999,0.019849949983327776
1479,0.0003854490011930466,88.88000000000001,0.0003854490011930466,88.88000000000001,0.01985661887295765
1480,0.0003780644327402115,89.14999999999999,0.0003780644327402115,89.14999999999999,0.019863287762587528
1481,0.00039491972327232363,88.5,0.00039491972327232363,88.5,0.019869956652217406
1482,0.0003790795534849167,88.99000000000001,0.0003790795534849167,88.99000000000001,0.01987662554184728
1483,0.00038274166285991667,88.6,0.00038274166285991667,88.6,0.019883294431477155
1484,0.0004006842404603958,88.08,0.0004006842404603958,88.08,0.019889963321107033
1485,0.0007816750705242157,81.51,0.0007816750705242157,81.51,0.01989663221073691
1486,0.0004844337433576584,86.52,0.0004844337433576584,86.52,0.01990330110036679
1487,0.0003749736875295639,89.2,0.0003749736875295639,89.2,0.019909969989996668
1488,0.0003491605430841446,89.56,0.0003491605430841446,89.56,0.019916638879626542
1489,0.0003483126401901245,89.58,0.0003483126401901245,89.58,0.019923307769256417
1490,0.00036373258531093597,89.5,0.00036373258531093597,89.5,0.019929976658886295
1491,0.0003642927467823029,89.27000000000001,0.0003642927467823029,89.27000000000001,0.019936645548516173
1492,0.00036884810626506805,89.5,0.00036884810626506805,89.5,0.019943314438146047
1493,0.0003640696555376053,89.8,0.0003640696555376053,89.8,0.019949983327775922
1494,0.0003791688948869705,89.35,0.0003791688948869705,89.35,0.0199566522174058
1495,0.0003595579445362091,89.83,0.0003595579445362091,89.83,0.019963321107035678
1496,0.0003636647790670395,89.68,0.0003636647790670395,89.68,0.019969989996665556
1497,0.00046818669736385345,86.04,0.00046818669736385345,86.04,0.01997665888629543
1498,0.0004745235413312912,86.71,0.0004745235413312912,86.71,0.019983327775925305
1499,0.0004079594910144806,88.42,0.0004079594910144806,88.42,0.019989996665555183
1500,0.00035421690344810487,89.35,0.00035421690344810487,89.35,0.01999666555518506
1501,0.00040818780362606046,88.24,0.00040818780362606046,88.24,0.019993335554815063
1502,0.0005637224406003952,83.78,0.0005637224406003952,83.78,0.019980006664445184
1503,0.00042351901531219484,87.52,0.00042351901531219484,87.52,0.01996667777407531
1504,0.00043964866399765016,87.31,0.00043964866399765016,87.31,0.01995334888370543
1505,0.0005949373185634613,83.89,0.0005949373185634613,83.89,0.019940019993335556
1506,0.0003950307071208954,88.28,0.0003950307071208954,88.28,0.019926691102965677
1507,0.0003838032871484756,88.83,0.0003838032871484756,88.83,0.019913362212595802
1508,0.0003910901546478272,88.69,0.0003910901546478272,88.69,0.019900033322225924
1509,0.0003964705914258957,88.58,0.0003964705914258957,88.58,0.01988670443185605
1510,0.0004038544625043869,88.9,0.0004038544625043869,88.9,0.01987337554148617
1511,0.00036281189024448397,89.46,0.00036281189024448397,89.46,0.019860046651116296
1512,0.00036533030569553375,89.45,0.00036533030569553375,89.45,0.019846717760746417
1513,0.00035644624829292296,89.84,0.00035644624829292296,89.84,0.019833388870376542
1514,0.00039385176301002503,89.09,0.00039385176301002503,89.09,0.019820059980006664
1515,0.0003460742920637131,89.92,0.0003460742920637131,89.92,0.01980673108963679
1516,0.00036702073216438296,89.61,0.00036702073216438296,89.61,0.01979340219926691
1517,0.0004064097911119461,89.08,0.0004064097911119461,89.08,0.019780073308897035
1518,0.0003843489080667496,89.03999999999999,0.0003843489080667496,89.03999999999999,0.019766744418527157
1519,0.00042008236348628996,88.2,0.00042008236348628996,88.2,0.01975341552815728
1520,0.00037956393957138063,89.49000000000001,0.00037956393957138063,89.49000000000001,0.019740086637787403
1521,0.00037327457666397096,89.58,0.00037327457666397096,89.58,0.019726757747417528
1522,0.0004188575029373169,88.18,0.0004188575029373169,88.18,0.01971342885704765
1523,0.0003709806054830551,89.56,0.0003709806054830551,89.56,0.019700099966677775
1524,0.00039547823965549467,88.82,0.00039547823965549467,88.82,0.019686771076307896
1525,0.000728088104724884,80.57,0.000728088104724884,80.57,0.01967344218593802
1526,0.0005969347238540649,84.50999999999999,0.0005969347238540649,84.50999999999999,0.019660113295568143
1527,0.0004298303306102753,87.49,0.0004298303306102753,87.49,0.019646784405198268
1528,0.00037872022688388823,88.85,0.00037872022688388823,88.85,0.01963345551482839
1529,0.00039465247988700866,88.53,0.00039465247988700866,88.53,0.019620126624458514
1530,0.00036393240094184876,89.3,0.00036393240094184876,89.3,0.01960679773408864
1531,0.0003870212972164154,88.53,0.0003870212972164154,88.53,0.01959346884371876
1532,0.0003423622488975525,90.13,0.0003423622488975525,90.13,0.019580139953348886
1533,0.00038675117790699004,89.18,0.00038675117790699004,89.18,0.019566811062979007
1534,0.00037242285311222075,89.33,0.00037242285311222075,89.33,0.019553482172609132
1535,0.0004087421894073486,88.61,0.0004087421894073486,88.61,0.019540153282239254
1536,0.0003725188106298447,89.74,0.0003725188106298447,89.74,0.01952682439186938
1537,0.00036363301873207094,89.5,0.00036363301873207094,89.5,0.0195134955014995
1538,0.00037343153953552246,89.11,0.00037343153953552246,89.11,0.019500166611129625
1539,0.00035190944373607633,90.18,0.00035190944373607633,90.18,0.019486837720759747
1540,0.0003846037119626999,89.34,0.0003846037119626999,89.34,0.019473508830389872
1541,0.0004001296728849411,88.81,0.0004001296728849411,88.81,0.019460179940019993
1542,0.0003593186318874359,89.88000000000001,0.0003593186318874359,89.88000000000001,0.01944685104965012
1543,0.00034403352439403535,90.39,0.00034403352439403535,90.39,0.01943352215928024
1544,0.00035965715944767,89.91,0.00035965715944767,89.91,0.019420193268910365
1545,0.00048231500089168547,86.9,0.00048231500089168547,86.9,0.019406864378540487
1546,0.0003836756318807602,89.05,0.0003836756318807602,89.05,0.01939353548817061
1547,0.00036928403079509737,89.78,0.00036928403079509737,89.78,0.019380206597800733
1548,0.00038091314136981964,89.52,0.00038091314136981964,89.52,0.019366877707430858
1549,0.00035207849442958834,89.99000000000001,0.00035207849442958834,89.99000000000001,0.01935354881706098
1550,0.00036188557744026183,89.92,0.00036188557744026183,89.92,0.019340219926691105
1551,0.00035915511846542356,89.99000000000001,0.00035915511846542356,89.99000000000001,0.019326891036321226
1552,0.0004249720126390457,88.34,0.0004249720126390457,88.34,0.01931356214595135
1553,0.00035628096759319307,90.09,0.00035628096759319307,90.09,0.019300233255581473
1554,0.0003547425508499146,90.14,0.0003547425508499146,90.14,0.019286904365211598
1555,0.00037352302074432375,90.14,0.00037352302074432375,90.14,0.01927357547484172
1556,0.0004168485850095749,89.1,0.0004168485850095749,89.1,0.019260246584471844
1557,0.0003752025753259659,89.53999999999999,0.0003752025753259659,89.53999999999999,0.019246917694101966
1558,0.0004232051581144333,88.37,0.0004232051581144333,88.37,0.01923358880373209
1559,0.0005265062987804413,84.78,0.0005265062987804413,84.78,0.019220259913362212
1560,0.0004379806518554687,87.83999999999999,0.0004379806518554687,87.83999999999999,0.019206931022992337
1561,0.0003693420559167862,89.92999999999999,0.0003693420559167862,89.92999999999999,0.01919360213262246
1562,0.00036179036498069765,89.84,0.00036179036498069765,89.84,0.019180273242252584
1563,0.0003629487633705139,90.25,0.0003629487633705139,90.25,0.019166944351882705
1564,0.00038988265097141266,89.33,0.00038988265097141266,89.33,0.01915361546151283
1565,0.00039129347801208496,88.92999999999999,0.00039129347801208496,88.92999999999999,0.019140286571142952
1566,0.00039766945540905,89.61,0.00039766945540905,89.61,0.019126957680773077
1567,0.0003896686613559723,89.21,0.0003896686613559723,89.21,0.0191136287904032
1568,0.0004614678055047989,86.81,0.0004614678055047989,86.81,0.019100299900033323
1569,0.00037517743408679963,89.63,0.00037517743408679963,89.63,0.019086971009663445
1570,0.0004188759058713913,87.88,0.0004188759058713913,87.88,0.01907364211929357
1571,0.00039339469373226167,88.58,0.00039339469373226167,88.58,0.01906031322892369
1572,0.0004123510658740997,88.39,0.0004123510658740997,88.39,0.019046984338553816
1573,0.00041501284837722777,88.71,0.00041501284837722777,88.71,0.019033655448183938
1574,0.0003587999433279037,89.75,0.0003587999433279037,89.75,0.019020326557814063
1575,0.0003601811021566391,90.03999999999999,0.0003601811021566391,90.03999999999999,0.019006997667444184
1576,0.0003646467447280884,89.58,0.0003646467447280884,89.58,0.01899366877707431
1577,0.00036647388339042665,90.10000000000001,0.00036647388339042665,90.10000000000001,0.01898033988670443
1578,0.0003434738129377365,90.29,0.0003434738129377365,90.29,0.018967010996334556
1579,0.00036085899472236636,90.13,0.00036085899472236636,90.13,0.018953682105964677
1580,0.000557938152551651,84.8,0.000557938152551651,84.8,0.018940353215594802
1581,0.00041150256097316745,88.62,0.00041150256097316745,88.62,0.018927024325224924
1582,0.0003977611482143402,89.14999999999999,0.0003977611482143402,89.14999999999999,0.01891369543485505
1583,0.0003612177908420563,89.89,0.0003612177908420563,89.89,0.01890036654448517
1584,0.0003671236574649811,89.47,0.0003671236574649811,89.47,0.018887037654115296
1585,0.00038928448259830474,89.3,0.00038928448259830474,89.3,0.018873708763745417
1586,0.000361897611618042,89.67,0.000361897611618042,89.67,0.018860379873375542
1587,0.00034877913892269135,90.12,0.00034877913892269135,90.12,0.018847050983005664
1588,0.0003678993374109268,89.85,0.0003678993374109268,89.85,0.01883372209263579
1589,0.0003693186342716217,89.66,0.0003693186342716217,89.66,0.01882039320226591
1590,0.00040570206344127656,88.98,0.00040570206344127656,88.98,0.018807064311896035
1591,0.0005552030444145202,85.34,0.0005552030444145202,85.34,0.01879373542152616
1592,0.0004214110493659973,87.83999999999999,0.0004214110493659973,87.83999999999999,0.01878040653115628
1593,0.0003928191840648651,89.07000000000001,0.0003928191840648651,89.07000000000001,0.018767077640786403
1594,0.00037215569615364075,89.55,0.00037215569615364075,89.55,0.018753748750416528
1595,0.00036548914611339567,89.79,0.00036548914611339567,89.79,0.018740419860046653
1596,0.0003549042820930481,89.64,0.0003549042820930481,89.64,0.018727090969676775
1597,0.00036776097416877745,89.64999999999999,0.00036776097416877745,89.64999999999999,0.0187137620793069
1598,0.00034270829260349276,90.44,0.00034270829260349276,90.44,0.01870043318893702
1599,0.00035457379519939424,90.22,0.00035457379519939424,90.22,0.018687104298567146
1600,0.0003531815141439438,90.22,0.0003531815141439438,90.22,0.018673775408197268
1601,0.00045176219642162324,87.55,0.00045176219642162324,87.55,0.018660446517827393
1602,0.0005318299531936646,86.29,0.0005318299531936646,86.29,0.018647117627457514
1603,0.0005702275872230529,84.0,0.0005702275872230529,84.0,0.01863378873708764
1604,0.0004236156702041626,88.02,0.0004236156702041626,88.02,0.01862045984671776
1605,0.0003519373834133148,89.58,0.0003519373834133148,89.58,0.018607130956347886
1606,0.0003790125161409378,89.58,0.0003790125161409378,89.58,0.018593802065978007
1607,0.0003663001626729965,89.5,0.0003663001626729965,89.5,0.018580473175608132
1608,0.0004115097492933273,88.51,0.0004115097492933273,88.51,0.018567144285238254
1609,0.000420464301109314,87.88,0.000420464301109314,87.88,0.01855381539486838
1610,0.0003789257228374481,88.75,0.0003789257228374481,88.75,0.0185404865044985
1611,0.000386981463432312,89.41,0.000386981463432312,89.41,0.018527157614128625
1612,0.00037969065010547636,89.63,0.00037969065010547636,89.63,0.018513828723758747
1613,0.0003598437488079071,89.97,0.0003598437488079071,89.97,0.018500499833388872
1614,0.00042291195392608644,88.11,0.00042291195392608644,88.11,0.018487170943018993
1615,0.00035001673698425295,90.42,0.00035001673698425295,90.42,0.01847384205264912
1616,0.00036571887731552124,89.8,0.00036571887731552124,89.8,0.01846051316227924
1617,0.0003736189842224121,89.64,0.0003736189842224121,89.64,0.018447184271909365
1618,0.0003471487253904343,90.32,0.0003471487253904343,90.32,0.018433855381539486
1619,0.0003840991884469986,89.25999999999999,0.0003840991884469986,89.25999999999999,0.01842052649116961
1620,0.0003701368570327759,90.02,0.0003701368570327759,90.02,0.018407197600799733
1621,0.00035562244057655337,90.14999999999999,0.00035562244057655337,90.14999999999999,0.018393868710429858
1622,0.0004382978618144989,87.79,0.0004382978618144989,87.79,0.01838053982005998
1623,0.0003633966118097305,89.86,0.0003633966118097305,89.86,0.018367210929690105
1624,0.00037639453411102293,89.53999999999999,0.00037639453411102293,89.53999999999999,0.018353882039320226
1625,0.0003489241898059845,90.18,0.0003489241898059845,90.18,0.01834055314895035
1626,0.00035795985460281373,89.85,0.00035795985460281373,89.85,0.018327224258580473
1627,0.0003603979676961899,90.08,0.0003603979676961899,90.08,0.018313895368210598
1628,0.00035511082410812376,90.2,0.00035511082410812376,90.2,0.01830056647784072
1629,0.0004002378314733505,89.32,0.0004002378314733505,89.32,0.018287237587470844
1630,0.0005031851410865784,85.72,0.0005031851410865784,85.72,0.018273908697100966
1631,0.0004121192812919617,88.63,0.0004121192812919617,88.63,0.01826057980673109
1632,0.0003645324736833572,89.37,0.0003645324736833572,89.37,0.018247250916361212
1633,0.0003583659052848816,89.98,0.0003583659052848816,89.98,0.018233922025991337
1634,0.00034572471976280215,90.33,0.00034572471976280215,90.33,0.01822059313562146
1635,0.0003846853524446487,88.8,0.0003846853524446487,88.8,0.018207264245251584
1636,0.00035509439706802367,90.03,0.00035509439706802367,90.03,0.018193935354881705
1637,0.0003932813048362732,89.44,0.0003932813048362732,89.44,0.01818060646451183
1638,0.00042496291995048523,88.96,0.00042496291995048523,88.96,0.018167277574141952
1639,0.0004268222630023956,88.37,0.0004268222630023956,88.37,0.018153948683772077
1640,0.00040960746109485624,88.69,0.00040960746109485624,88.69,0.0181406197934022
1641,0.00038055059015750886,89.47,0.00038055059015750886,89.47,0.018127290903032323
1642,0.0003725021213293076,89.66,0.0003725021213293076,89.66,0.018113962012662445
1643,0.00038908453583717345,89.02,0.00038908453583717345,89.02,0.01810063312229257
1644,0.00035654527842998506,90.2,0.00035654527842998506,90.2,0.01808730423192269
1645,0.0005031443178653717,85.58,0.0005031443178653717,85.58,0.018073975341552816
1646,0.00041787183582782747,88.83,0.00041787183582782747,88.83,0.018060646451182938
1647,0.00043126668334007265,87.83,0.00043126668334007265,87.83,0.018047317560813063
1648,0.0004458762288093567,87.39,0.0004458762288093567,87.39,0.018033988670443184
1649,0.0005136474788188934,84.93,0.0005136474788188934,84.93,0.01802065978007331
1650,0.000391936856508255,88.62,0.000391936856508255,88.62,0.01800733088970343
1651,0.000363368159532547,89.60000000000001,0.000363368159532547,89.60000000000001,0.017994001999333556
1652,0.0003638564854860306,89.87,0.0003638564854860306,89.87,0.01798067310896368
1653,0.00036326145231723784,89.87,0.00036326145231723784,89.87,0.017967344218593802
1654,0.00040153766870498655,89.05999999999999,0.00040153766870498655,89.05999999999999,0.017954015328223924
1655,0.0003604409784078598,90.08,0.0003604409784078598,90.08,0.01794068643785405
1656,0.00036808640360832216,89.99000000000001,0.00036808640360832216,89.99000000000001,0.017927357547484174
1657,0.0003514193058013916,90.57,0.0003514193058013916,90.57,0.017914028657114296
1658,0.00036199471950531007,90.02,0.00036199471950531007,90.02,0.01790069976674442
1659,0.00037023120522499086,89.67,0.00037023120522499086,89.67,0.017887370876374542
1660,0.00035802209079265594,89.8,0.00035802209079265594,89.8,0.017874041986004667
1661,0.00040265163481235504,88.77000000000001,0.00040265163481235504,88.77000000000001,0.01786071309563479
1662,0.000403416833281517,89.13,0.000403416833281517,89.13,0.017847384205264914
1663,0.000435728657245636,88.2,0.000435728657245636,88.2,0.017834055314895035
1664,0.00040068481862545014,89.37,0.00040068481862545014,89.37,0.01782072642452516
1665,0.00037431005239486697,89.63,0.00037431005239486697,89.63,0.01780739753415528
1666,0.0003580306142568588,90.01,0.0003580306142568588,90.01,0.017794068643785407
1667,0.0003842083960771561,89.60000000000001,0.0003842083960771561,89.60000000000001,0.017780739753415528
1668,0.00035456829071044924,90.08,0.00035456829071044924,90.08,0.017767410863045653
1669,0.00036572154760360716,89.83,0.00036572154760360716,89.83,0.017754081972675775
1670,0.00038535066246986387,89.53,0.00038535066246986387,89.53,0.0177407530823059
1671,0.00036511990129947663,89.9,0.00036511990129947663,89.9,0.01772742419193602
1672,0.00045280167758464813,87.11,0.00045280167758464813,87.11,0.017714095301566146
1673,0.00041692267656326295,88.42,0.00041692267656326295,88.42,0.017700766411196268
1674,0.00037877937853336333,88.81,0.00037877937853336333,88.81,0.017687437520826393
1675,0.00038884626030921937,88.96,0.00038884626030921937,88.96,0.017674108630456514
1676,0.00039858624041080474,89.29,0.00039858624041080474,89.29,0.01766077974008664
1677,0.0003756457597017288,89.7,0.0003756457597017288,89.7,0.01764745084971676
1678,0.0004239414989948273,88.24,0.0004239414989948273,88.24,0.017634121959346886
1679,0.00045823143422603607,87.67,0.00045823143422603607,87.67,0.017620793068977007
1680,0.0005646040618419647,84.09,0.0005646040618419647,84.09,0.017607464178607132
1681,0.000406608173251152,88.92999999999999,0.000406608173251152,88.92999999999999,0.017594135288237254
1682,0.0003468315750360489,89.69,0.0003468315750360489,89.69,0.01758080639786738
1683,0.0003502975583076477,89.78,0.0003502975583076477,89.78,0.0175674775074975
1684,0.0003495808631181717,90.23,0.0003495808631181717,90.23,0.017554148617127625
1685,0.00035859067738056185,89.92,0.00035859067738056185,89.92,0.017540819726757747
1686,0.0003745544582605362,89.71000000000001,0.0003745544582605362,89.71000000000001,0.017527490836387872
1687,0.0003511682331562042,90.41,0.0003511682331562042,90.41,0.017514161946017993
1688,0.00036601018011569975,90.31,0.00036601018011569975,90.31,0.01750083305564812
1689,0.0003897762268781662,89.24,0.0003897762268781662,89.24,0.01748750416527824
1690,0.0004138550341129303,88.79,0.0004138550341129303,88.79,0.017474175274908365
1691,0.0003833571821451187,89.31,0.0003833571821451187,89.31,0.017460846384538486
1692,0.00038309506475925445,89.49000000000001,0.00038309506475925445,89.49000000000001,0.01744751749416861
1693,0.0008961124837398529,79.34,0.0008961124837398529,79.34,0.017434188603798733
1694,0.00041027237474918366,88.42,0.00041027237474918366,88.42,0.017420859713428858
1695,0.0005315995812416077,84.31,0.0005315995812416077,84.31,0.01740753082305898
1696,0.0004548364132642746,87.56,0.0004548364132642746,87.56,0.017394201932689105
1697,0.0003606995344161987,89.69,0.0003606995344161987,89.69,0.017380873042319226
1698,0.00038368969559669493,89.53,0.00038368969559669493,89.53,0.01736754415194935
1699,0.00039160867631435396,89.18,0.00039160867631435396,89.18,0.017354215261579473
1700,0.0003601786136627197,89.91,0.0003601786136627197,89.91,0.017340886371209598
1701,0.000348917219042778,90.16999999999999,0.000348917219042778,90.16999999999999,0.017327557480839723
1702,0.00038956427574157715,89.45,0.00038956427574157715,89.45,0.017314228590469844
1703,0.0003421800822019577,90.36,0.0003421800822019577,90.36,0.017300899700099966
1704,0.00035223526656627654,89.97,0.00035223526656627654,89.97,0.01728757080973009
1705,0.0004099311143159866,89.11,0.0004099311143159866,89.11,0.017274241919360216
1706,0.0003515813231468201,90.0,0.0003515813231468201,90.0,0.017260913028990337
1707,0.0003674502283334732,89.81,0.0003674502283334732,89.81,0.01724758413862046
1708,0.0003683422863483429,89.66,0.0003683422863483429,89.66,0.017234255248250584
1709,0.0003575438380241394,90.25999999999999,0.0003575438380241394,90.25999999999999,0.01722092635788071
1710,0.00035828541219234467,90.06,0.00035828541219234467,90.06,0.01720759746751083
1711,0.0003585053026676178,90.2,0.0003585053026676178,90.2,0.017194268577140952
1712,0.00037145619094371797,90.0,0.00037145619094371797,90.0,0.017180939686771077
1713,0.0003673468232154846,89.95,0.0003673468232154846,89.95,0.017167610796401202
1714,0.00036216818988323214,90.11,0.00036216818988323214,90.11,0.017154281906031323
1715,0.00036722432672977445,89.95,0.00036722432672977445,89.95,0.017140953015661445
1716,0.0003658064693212509,90.03,0.0003658064693212509,90.03,0.01712762412529157
1717,0.0003609692692756653,90.29,0.0003609692692756653,90.29,0.017114295234921695
1718,0.00038430392742156984,89.53,0.00038430392742156984,89.53,0.017100966344551816
1719,0.0004476174592971802,87.25,0.0004476174592971802,87.25,0.017087637454181938
1720,0.0003815122127532959,89.62,0.0003815122127532959,89.62,0.017074308563812063
1721,0.00035971852540969847,89.92999999999999,0.00035971852540969847,89.92999999999999,0.017060979673442188
1722,0.0005665589421987534,85.7,0.0005665589421987534,85.7,0.01704765078307231
1723,0.0004920775294303894,86.5,0.0004920775294303894,86.5,0.01703432189270243
1724,0.0003740221619606018,89.46,0.0003740221619606018,89.46,0.017020993002332556
1725,0.00040291843712329865,89.01,0.00040291843712329865,89.01,0.01700766411196268
1726,0.000450814625620842,88.03999999999999,0.000450814625620842,88.03999999999999,0.016994335221592802
1727,0.0005465818077325821,84.8,0.0005465818077325821,84.8,0.016981006331222927
1728,0.00042915983200073244,88.28,0.00042915983200073244,88.28,0.01696767744085305
1729,0.00038017387986183165,89.1,0.00038017387986183165,89.1,0.016954348550483174
1730,0.00040871553122997286,88.51,0.00040871553122997286,88.51,0.016941019660113295
1731,0.00038676500022411344,89.14,0.00038676500022411344,89.14,0.01692769076974342
1732,0.0003587678462266922,89.79,0.0003587678462266922,89.79,0.016914361879373542
1733,0.00036597264111042023,89.85,0.00036597264111042023,89.85,0.016901032989003667
1734,0.00035597326159477236,90.16,0.00035597326159477236,90.16,0.01688770409863379
1735,0.0003634806722402573,89.82,0.0003634806722402573,89.82,0.016874375208263914
1736,0.0003453094631433487,90.55,0.0003453094631433487,90.55,0.016861046317894035
1737,0.00035320028364658356,90.09,0.00035320028364658356,90.09,0.01684771742752416
1738,0.0004930751323699951,86.67,0.0004930751323699951,86.67,0.01683438853715428
1739,0.00044581484496593473,87.96000000000001,0.00044581484496593473,87.96000000000001,0.016821059646784407
1740,0.00041214415431022647,88.77000000000001,0.00041214415431022647,88.77000000000001,0.016807730756414528
1741,0.0003582465827465057,90.18,0.0003582465827465057,90.18,0.016794401866044653
1742,0.0005078874737024307,84.5,0.0005078874737024307,84.5,0.016781072975674775
1743,0.0004721327155828476,87.35000000000001,0.0004721327155828476,87.35000000000001,0.0167677440853049
1744,0.0003733869969844818,89.48,0.0003733869969844818,89.48,0.01675441519493502
1745,0.00036013136506080626,89.92999999999999,0.00036013136506080626,89.92999999999999,0.016741086304565146
1746,0.00040144524574279786,88.72,0.00040144524574279786,88.72,0.016727757414195268
1747,0.0004685168921947479,86.57000000000001,0.0004685168921947479,86.57000000000001,0.016714428523825393
1748,0.00038713068068027496,88.69,0.00038713068068027496,88.69,0.016701099633455514
1749,0.0003884890168905258,89.45,0.0003884890168905258,89.45,0.01668777074308564
1750,0.0003606633186340332,89.79,0.0003606633186340332,89.79,0.01667444185271576
1751,0.00036683569252490996,89.34,0.00036683569252490996,89.34,0.016661112962345886
1752,0.00039545116126537324,89.21,0.00039545116126537324,89.21,0.016647784071976007
1753,0.00038517830669879913,89.05999999999999,0.00038517830669879913,89.05999999999999,0.016634455181606132
1754,0.00037096297740936277,89.28,0.00037096297740936277,89.28,0.016621126291236254
1755,0.00043968721330165864,88.07000000000001,0.00043968721330165864,88.07000000000001,0.01660779740086638
1756,0.0003896521955728531,89.31,0.0003896521955728531,89.31,0.0165944685104965
1757,0.0003658986955881119,89.78,0.0003658986955881119,89.78,0.016581139620126625
1758,0.00036860318183898924,89.72,0.00036860318183898924,89.72,0.016567810729756747
1759,0.0003810220241546631,89.38000000000001,0.0003810220241546631,89.38000000000001,0.016554481839386872
1760,0.00037393291890621186,89.95,0.00037393291890621186,89.95,0.016541152949016993
1761,0.000373907944560051,89.57000000000001,0.000373907944560051,89.57000000000001,0.01652782405864712
1762,0.00036069232821464537,90.13,0.00036069232821464537,90.13,0.01651449516827724
1763,0.0003573075145483017,89.83,0.0003573075145483017,89.83,0.016501166277907365
1764,0.00035396666526794435,90.12,0.00035396666526794435,90.12,0.016487837387537486
1765,0.0003543811678886414,90.39,0.0003543811678886414,90.39,0.01647450849716761
1766,0.00036612800657749177,90.0,0.00036612800657749177,90.0,0.016461179606797733
1767,0.0003840164691209793,89.86,0.0003840164691209793,89.86,0.016447850716427858
1768,0.000367725470662117,90.03999999999999,0.000367725470662117,90.03999999999999,0.01643452182605798
1769,0.00035361602306365966,90.36999999999999,0.00035361602306365966,90.36999999999999,0.016421192935688105
1770,0.0003597328543663025,90.52,0.0003597328543663025,90.52,0.01640786404531823
1771,0.00036092208921909333,90.42,0.00036092208921909333,90.42,0.01639453515494835
1772,0.0003511870533227921,90.5,0.0003511870533227921,90.5,0.016381206264578473
1773,0.0003549909889698029,90.27,0.0003549909889698029,90.27,0.016367877374208598
1774,0.00038946497440338134,89.98,0.00038946497440338134,89.98,0.016354548483838723
1775,0.0004260414183139801,88.74,0.0004260414183139801,88.74,0.016341219593468844
1776,0.00038631699681282043,89.42999999999999,0.00038631699681282043,89.42999999999999,0.016327890703098966
1777,0.000362533912062645,90.27,0.000362533912062645,90.27,0.01631456181272909
1778,0.0003500019758939743,90.67,0.0003500019758939743,90.67,0.016301232922359216
1779,0.00036242959201335907,90.14999999999999,0.00036242959201335907,90.14999999999999,0.016287904031989337
1780,0.0003560807377099991,90.39,0.0003560807377099991,90.39,0.016274575141619462
1781,0.0004681617945432663,87.64999999999999,0.0004681617945432663,87.64999999999999,0.016261246251249584
1782,0.0003891932547092438,89.83,0.0003891932547092438,89.83,0.01624791736087971
1783,0.00037466712594032286,89.63,0.00037466712594032286,89.63,0.01623458847050983
1784,0.0003863256752490997,89.31,0.0003863256752490997,89.31,0.016221259580139955
1785,0.00038919197022914886,89.4,0.00038919197022914886,89.4,0.016207930689770077
1786,0.0003752965569496155,89.94,0.0003752965569496155,89.94,0.0161946017994002
1787,0.000356264141201973,90.46,0.000356264141201973,90.46,0.016181272909030323
1788,0.000354300856590271,90.59,0.000354300856590271,90.59,0.016167944018660448
1789,0.0004001707702875137,88.94999999999999,0.0004001707702875137,88.94999999999999,0.01615461512829057
1790,0.0003623654693365097,90.03,0.0003623654693365097,90.03,0.016141286237920695
1791,0.0003674252659082413,89.82,0.0003674252659082413,89.82,0.016127957347550816
1792,0.0003467199832201004,90.53,0.0003467199832201004,90.53,0.01611462845718094
1793,0.00035740638375282287,90.24,0.00035740638375282287,90.24,0.016101299566811063
1794,0.0004131718635559082,89.28,0.0004131718635559082,89.28,0.016087970676441188
1795,0.0004035868972539902,88.77000000000001,0.0004035868972539902,88.77000000000001,0.01607464178607131
1796,0.0003695662349462509,90.10000000000001,0.0003695662349462509,90.10000000000001,0.016061312895701434
1797,0.00036557586193084715,90.24,0.00036557586193084715,90.24,0.016047984005331556
1798,0.0005309600323438645,84.95,0.0005309600323438645,84.95,0.01603465511496168
1799,0.00039510331153869626,89.01,0.00039510331153869626,89.01,0.016021326224591802
1800,0.00045702767074108126,87.74,0.00045702767074108126,87.74,0.016007997334221927
1801,0.0003616733700037003,90.08,0.0003616733700037003,90.08,0.01599466844385205
1802,0.0003538709610700607,90.53,0.0003538709610700607,90.53,0.015981339553482174
1803,0.0004206470727920532,88.52,0.0004206470727920532,88.52,0.015968010663112295
1804,0.00036698815524578097,89.81,0.00036698815524578097,89.81,0.01595468177274242
1805,0.00035427379310131075,89.92999999999999,0.00035427379310131075,89.92999999999999,0.015941352882372542
1806,0.0003668847680091858,89.99000000000001,0.0003668847680091858,89.99000000000001,0.015928023992002667
1807,0.00034422030448913574,90.64,0.00034422030448913574,90.64,0.01591469510163279
1808,0.000367276406288147,90.22,0.000367276406288147,90.22,0.015901366211262914
1809,0.0004438137173652649,88.0,0.0004438137173652649,88.0,0.015888037320893035
1810,0.000347798690199852,90.47,0.000347798690199852,90.47,0.01587470843052316
1811,0.00045002741515636445,87.44,0.00045002741515636445,87.44,0.01586137954015328
1812,0.0003965983271598816,89.07000000000001,0.0003965983271598816,89.07000000000001,0.015848050649783407
1813,0.0003559808731079102,90.2,0.0003559808731079102,90.2,0.015834721759413528
1814,0.00037720853388309477,89.21,0.00037720853388309477,89.21,0.015821392869043653
1815,0.0003564743995666504,90.4,0.0003564743995666504,90.4,0.015808063978673775
1816,0.0003409685730934143,90.51,0.0003409685730934143,90.51,0.0157947350883039
1817,0.000368088361620903,89.94,0.000368088361620903,89.94,0.01578140619793402
1818,0.0003480737924575806,90.28,0.0003480737924575806,90.28,0.015768077307564146
1819,0.0010240196287631988,72.92,0.0010240196287631988,72.92,0.015754748417194268
1820,0.0004827107697725296,86.61,0.0004827107697725296,86.61,0.015741419526824393
1821,0.0003829353004693985,89.18,0.0003829353004693985,89.18,0.015728090636454514
1822,0.00039324412941932677,88.86,0.00039324412941932677,88.86,0.01571476174608464
1823,0.00035552435517311094,90.03,0.00035552435517311094,90.03,0.01570143285571476
1824,0.00036154772639274596,89.87,0.00036154772639274596,89.87,0.015688103965344886
1825,0.00047282157838344574,87.06,0.00047282157838344574,87.06,0.015674775074975007
1826,0.0003679410308599472,89.57000000000001,0.0003679410308599472,89.57000000000001,0.015661446184605132
1827,0.0003592822402715683,89.98,0.0003592822402715683,89.98,0.015648117294235257
1828,0.0003805364966392517,89.5,0.0003805364966392517,89.5,0.01563478840386538
1829,0.0003817365765571594,89.67,0.0003817365765571594,89.67,0.015621459513495502
1830,0.0004058841347694397,89.0,0.0004058841347694397,89.0,0.015608130623125625
1831,0.00045635917484760285,87.74,0.00045635917484760285,87.74,0.015594801732755749
1832,0.00037863587141036986,89.58,0.00037863587141036986,89.58,0.015581472842385872
1833,0.00043962007761001585,88.3,0.00043962007761001585,88.3,0.015568143952015995
1834,0.0004069617062807083,89.22,0.0004069617062807083,89.22,0.015554815061646118
1835,0.0003846609592437744,89.64,0.0003846609592437744,89.64,0.015541486171276242
1836,0.0003758365780115128,89.66,0.0003758365780115128,89.66,0.015528157280906365
1837,0.00036155852675437926,90.24,0.00036155852675437926,90.24,0.015514828390536488
1838,0.00035649769902229306,90.34,0.00035649769902229306,90.34,0.015501499500166611
1839,0.0003563294321298599,90.3,0.0003563294321298599,90.3,0.015488170609796735
1840,0.0003555063605308533,90.16999999999999,0.0003555063605308533,90.16999999999999,0.015474841719426858
1841,0.00038119109869003294,89.67,0.00038119109869003294,89.67,0.015461512829056981
1842,0.0004711073279380798,87.02,0.0004711073279380798,87.02,0.015448183938687104
1843,0.0003863883674144745,89.52,0.0003863883674144745,89.52,0.015434855048317228
1844,0.0003681107580661774,89.97,0.0003681107580661774,89.97,0.015421526157947351
1845,0.0003693159639835358,90.06,0.0003693159639835358,90.06,0.015408197267577474
1846,0.000360796195268631,90.14,0.000360796195268631,90.14,0.015394868377207598
1847,0.00038481054604053497,89.75,0.00038481054604053497,89.75,0.015381539486837723
1848,0.00037914501130580905,89.78,0.00037914501130580905,89.78,0.015368210596467844
1849,0.00038630051910877226,89.75999999999999,0.00038630051910877226,89.75999999999999,0.015354881706097969
1850,0.000389752259850502,89.74,0.000389752259850502,89.74,0.01534155281572809
1851,0.0003722568035125732,89.97,0.0003722568035125732,89.97,0.015328223925358216
1852,0.0003540572673082352,90.29,0.0003540572673082352,90.29,0.015314895034988337
1853,0.0003942704647779465,89.56,0.0003942704647779465,89.56,0.015301566144618462
1854,0.00038923197090625765,89.53999999999999,0.00038923197090625765,89.53999999999999,0.015288237254248584
1855,0.00038292582035064695,90.09,0.00038292582035064695,90.09,0.015274908363878709
1856,0.00040463969707489015,89.25999999999999,0.00040463969707489015,89.25999999999999,0.01526157947350883
1857,0.00035470083951950074,90.42,0.00035470083951950074,90.42,0.015248250583138955
1858,0.000357413437962532,90.47,0.000357413437962532,90.47,0.015234921692769077
1859,0.0004045924246311188,89.48,0.0004045924246311188,89.48,0.015221592802399202
1860,0.0004549152582883835,87.76,0.0004549152582883835,87.76,0.015208263912029323
1861,0.0003708970189094543,89.75,0.0003708970189094543,89.75,0.015194935021659448
1862,0.0005691942393779754,85.76,0.0005691942393779754,85.76,0.01518160613128957
1863,0.00042705298066139224,88.63,0.00042705298066139224,88.63,0.015168277240919695
1864,0.00035370229184627535,90.08,0.00035370229184627535,90.08,0.015154948350549816
1865,0.0003742718994617462,89.84,0.0003742718994617462,89.84,0.015141619460179941
1866,0.0003447275221347809,90.46,0.0003447275221347809,90.46,0.015128290569810063
1867,0.00035256460905075073,90.33,0.00035256460905075073,90.33,0.015114961679440188
1868,0.0003548176109790802,90.32,0.0003548176109790802,90.32,0.01510163278907031
1869,0.0003740325927734375,89.78,0.0003740325927734375,89.78,0.015088303898700434
1870,0.0003627226889133453,89.98,0.0003627226889133453,89.98,0.015074975008330556
1871,0.0003719952017068863,90.16,0.0003719952017068863,90.16,0.015061646117960681
1872,0.0003668335050344467,90.06,0.0003668335050344467,90.06,0.015048317227590802
1873,0.0003630895674228668,90.16,0.0003630895674228668,90.16,0.015034988337220927
1874,0.0003466808319091797,90.49000000000001,0.0003466808319091797,90.49000000000001,0.01502165944685105
1875,0.00035628798604011533,90.25999999999999,0.00035628798604011533,90.25999999999999,0.015008330556481174
1876,0.0005040426015853882,86.29,0.0005040426015853882,86.29,0.014995001666111297
1877,0.0003703306019306183,89.77000000000001,0.0003703306019306183,89.77000000000001,0.01498167277574142
1878,0.0013498640418052672,64.1,0.0013498640418052672,64.1,0.014968343885371544
1879,0.0005034198820590973,84.95,0.0005034198820590973,84.95,0.014955014995001667
1880,0.0003848751276731491,88.62,0.0003848751276731491,88.62,0.01494168610463179
1881,0.000411186420917511,87.97,0.000411186420917511,87.97,0.014928357214261914
1882,0.00040526324808597564,88.67,0.00040526324808597564,88.67,0.014915028323892037
1883,0.0003714930832386017,89.45,0.0003714930832386017,89.45,0.01490169943352216
1884,0.00036457523703575134,89.99000000000001,0.00036457523703575134,89.99000000000001,0.014888370543152283
1885,0.0004280372828245163,88.03,0.0004280372828245163,88.03,0.014875041652782407
1886,0.0003869809538125992,89.63,0.0003869809538125992,89.63,0.01486171276241253
1887,0.0003693974405527115,90.13,0.0003693974405527115,90.13,0.014848383872042653
1888,0.00038997277319431303,89.41,0.00038997277319431303,89.41,0.014835054981672776
1889,0.0003681480377912521,90.12,0.0003681480377912521,90.12,0.0148217260913029
1890,0.00036789573729038237,90.07,0.00036789573729038237,90.07,0.014808397200933023
1891,0.0003855115354061127,89.63,0.0003855115354061127,89.63,0.014795068310563146
1892,0.0003644142091274261,90.19,0.0003644142091274261,90.19,0.01478173942019327
1893,0.0003452075183391571,90.42999999999999,0.0003452075183391571,90.42999999999999,0.014768410529823393
1894,0.00040366615653038024,89.08,0.00040366615653038024,89.08,0.014755081639453516
1895,0.00035603261291980746,90.39,0.00035603261291980746,90.39,0.01474175274908364
1896,0.00035462669134140017,90.36,0.00035462669134140017,90.36,0.014728423858713762
1897,0.0003853174030780792,89.38000000000001,0.0003853174030780792,89.38000000000001,0.014715094968343886
1898,0.00037119446992874147,89.86,0.00037119446992874147,89.86,0.014701766077974009
1899,0.0003868897795677185,89.44,0.0003868897795677185,89.44,0.014688437187604132
1900,0.0004193388789892197,88.53,0.0004193388789892197,88.53,0.014675108297234256
1901,0.00042478086948394777,87.62,0.00042478086948394777,87.62,0.014661779406864379
1902,0.00039724529683589935,88.87,0.00039724529683589935,88.87,0.014648450516494504
1903,0.0003759818762540817,89.62,0.0003759818762540817,89.62,0.014635121626124625
1904,0.0003656632870435715,90.16,0.0003656632870435715,90.16,0.014621792735754749
1905,0.0003612953305244446,90.48,0.0003612953305244446,90.48,0.014608463845384872
1906,0.00035095913112163544,90.4,0.00035095913112163544,90.4,0.014595134955014997
1907,0.0003773943841457367,90.08,0.0003773943841457367,90.08,0.014581806064645118
1908,0.0003922113984823227,89.53999999999999,0.0003922113984823227,89.53999999999999,0.014568477174275242
1909,0.00036950069963932037,90.0,0.00036950069963932037,90.0,0.014555148283905365
1910,0.0003935526371002197,89.9,0.0003935526371002197,89.9,0.01454181939353549
1911,0.00039752050340175626,89.46,0.00039752050340175626,89.46,0.014528490503165611
1912,0.000364557471871376,89.82,0.000364557471871376,89.82,0.014515161612795735
1913,0.00035554197132587435,90.36999999999999,0.00035554197132587435,90.36999999999999,0.014501832722425858
1914,0.00043656522631645205,88.27000000000001,0.00043656522631645205,88.27000000000001,0.014488503832055983
1915,0.00036295075118541716,90.16999999999999,0.00036295075118541716,90.16999999999999,0.014475174941686104
1916,0.00040855883061885836,88.92,0.00040855883061885836,88.92,0.014461846051316228
1917,0.0003696723729372025,89.91,0.0003696723729372025,89.91,0.014448517160946351
1918,0.0003538168758153915,90.36,0.0003538168758153915,90.36,0.014435188270576476
1919,0.0003604760140180588,90.5,0.0003604760140180588,90.5,0.014421859380206598
1920,0.00036593201160430906,90.2,0.00036593201160430906,90.2,0.01440853048983672
1921,0.0003536332994699478,90.72,0.0003536332994699478,90.72,0.014395201599466844
1922,0.0003466743230819702,90.63,0.0003466743230819702,90.63,0.014381872709096969
1923,0.00043746712803840635,87.98,0.00043746712803840635,87.98,0.01436854381872709
1924,0.0006103513896465302,84.27,0.0006103513896465302,84.27,0.014355214928357214
1925,0.0004562096357345581,87.87,0.0004562096357345581,87.87,0.014341886037987337
1926,0.00036973331570625304,89.75999999999999,0.00036973331570625304,89.75999999999999,0.014328557147617462
1927,0.00036927725970745085,89.67,0.00036927725970745085,89.67,0.014315228257247585
1928,0.00037044008374214173,89.92,0.00037044008374214173,89.92,0.014301899366877709
1929,0.000354311865568161,90.12,0.000354311865568161,90.12,0.01428857047650783
1930,0.0003635939925909042,90.29,0.0003635939925909042,90.29,0.014275241586137955
1931,0.00037139525711536405,90.27,0.00037139525711536405,90.27,0.014261912695768078
1932,0.0005082786977291107,87.28,0.0005082786977291107,87.28,0.014248583805398202
1933,0.00037140845656394956,90.05,0.00037140845656394956,90.05,0.014235254915028323
1934,0.00036682156920433046,90.28,0.00036682156920433046,90.28,0.014221926024658448
1935,0.00039756906628608704,89.24,0.00039756906628608704,89.24,0.014208597134288571
1936,0.00036936171650886533,90.13,0.00036936171650886533,90.13,0.014195268243918695
1937,0.00036250049769878385,90.09,0.00036250049769878385,90.09,0.014181939353548816
1938,0.0003683742344379425,90.42999999999999,0.0003683742344379425,90.42999999999999,0.014168610463178941
1939,0.00041425015330314634,88.88000000000001,0.00041425015330314634,88.88000000000001,0.014155281572809065
1940,0.0003634966433048248,90.32,0.0003634966433048248,90.32,0.014141952682439188
1941,0.0003784997135400772,89.79,0.0003784997135400772,89.79,0.01412862379206931
1942,0.00041699553728103637,89.02,0.00041699553728103637,89.02,0.014115294901699434
1943,0.00036849444806575775,90.36,0.00036849444806575775,90.36,0.014101966011329558
1944,0.00035989468693733214,90.33,0.00035989468693733214,90.33,0.01408863712095968
1945,0.00043817327916622164,87.78,0.00043817327916622164,87.78,0.014075308230589802
1946,0.00036865671277046204,89.92999999999999,0.00036865671277046204,89.92999999999999,0.014061979340219927
1947,0.00036920386850833895,90.06,0.00036920386850833895,90.06,0.01404865044985005
1948,0.00038287145793437956,90.27,0.00038287145793437956,90.27,0.014035321559480174
1949,0.00040958469808101655,89.23,0.00040958469808101655,89.23,0.014021992669110295
1950,0.000379856351017952,89.71000000000001,0.000379856351017952,89.71000000000001,0.01400866377874042
1951,0.0003720789909362793,89.99000000000001,0.0003720789909362793,89.99000000000001,0.013995334888370544
1952,0.00046061966717243194,87.71,0.00046061966717243194,87.71,0.013982005998000667
1953,0.00039681906700134276,89.64,0.00039681906700134276,89.64,0.013968677107630788
1954,0.00041061754524707796,89.14999999999999,0.00041061754524707796,89.14999999999999,0.013955348217260913
1955,0.00035826227962970734,90.09,0.00035826227962970734,90.09,0.013942019326891037
1956,0.00037633194923400876,90.09,0.00037633194923400876,90.09,0.01392869043652116
1957,0.0003536930561065674,90.58,0.0003536930561065674,90.58,0.013915361546151282
1958,0.00035472040474414824,90.72,0.00035472040474414824,90.72,0.013902032655781407
1959,0.00035410011410713193,90.34,0.00035410011410713193,90.34,0.01388870376541153
1960,0.0003607470065355301,90.28,0.0003607470065355301,90.28,0.013875374875041653
1961,0.00035453836917877197,90.53999999999999,0.00035453836917877197,90.53999999999999,0.013862045984671776
1962,0.00034550319612026216,90.58,0.00034550319612026216,90.58,0.0138487170943019
1963,0.0003530697256326675,90.73,0.0003530697256326675,90.73,0.013835388203932023
1964,0.0003465765058994293,90.75999999999999,0.0003465765058994293,90.75999999999999,0.013822059313562146
1965,0.0005301899313926697,86.22999999999999,0.0005301899313926697,86.22999999999999,0.01380873042319227
1966,0.0004339552849531174,88.96,0.0004339552849531174,88.96,0.013795401532822393
1967,0.0004039747267961502,89.17,0.0004039747267961502,89.17,0.013782072642452516
1968,0.00039737478196620943,89.53999999999999,0.00039737478196620943,89.53999999999999,0.01376874375208264
1969,0.000398394775390625,89.35,0.000398394775390625,89.35,0.013755414861712762
1970,0.0004256566673517227,88.72,0.0004256566673517227,88.72,0.013742085971342886
1971,0.000400067675113678,88.88000000000001,0.000400067675113678,88.88000000000001,0.013728757080973009
1972,0.0003683885872364044,90.24,0.0003683885872364044,90.24,0.013715428190603132
1973,0.00035468768179416655,90.59,0.00035468768179416655,90.59,0.013702099300233255
1974,0.0004317970246076584,88.51,0.0004317970246076584,88.51,0.013688770409863379
1975,0.00039249104857444765,89.77000000000001,0.00039249104857444765,89.77000000000001,0.013675441519493502
1976,0.0003640530049800873,90.25999999999999,0.0003640530049800873,90.25999999999999,0.013662112629123625
1977,0.00038607875406742096,89.46,0.00038607875406742096,89.46,0.01364878373875375
1978,0.00038031953871250153,89.63,0.00038031953871250153,89.63,0.013635454848383872
1979,0.0003584709733724594,90.19,0.0003584709733724594,90.19,0.013622125958013997
1980,0.0003565496176481247,90.38000000000001,0.0003565496176481247,90.38000000000001,0.013608797067644118
1981,0.0003657464534044266,89.9,0.0003657464534044266,89.9,0.013595468177274243
1982,0.00035156100392341613,90.44,0.00035156100392341613,90.44,0.013582139286904365
1983,0.00038396950960159303,89.02,0.00038396950960159303,89.02,0.01356881039653449
1984,0.00038097203373908996,89.78,0.00038097203373908996,89.78,0.013555481506164611
1985,0.0003592930853366852,90.35,0.0003592930853366852,90.35,0.013542152615794736
1986,0.00034612483382225035,90.5,0.00034612483382225035,90.5,0.013528823725424858
1987,0.0003694073438644409,90.07,0.0003694073438644409,90.07,0.013515494835054983
1988,0.0003556857705116272,90.53,0.0003556857705116272,90.53,0.013502165944685104
1989,0.00034599129259586337,90.9,0.00034599129259586337,90.9,0.01348883705431523
1990,0.00036223203241825106,90.44,0.00036223203241825106,90.44,0.013475508163945351
1991,0.00036628688871860506,90.27,0.00036628688871860506,90.27,0.013462179273575476
1992,0.00038438721597194674,89.83,0.00038438721597194674,89.83,0.013448850383205598
1993,0.00035389642417430877,90.71000000000001,0.00035389642417430877,90.71000000000001,0.013435521492835723
1994,0.00035569828748703005,90.53,0.00035569828748703005,90.53,0.013422192602465844
1995,0.00035519993603229524,90.7,0.00035519993603229524,90.7,0.013408863712095969
1996,0.0003541892379522324,90.63,0.0003541892379522324,90.63,0.01339553482172609
1997,0.00035718284845352174,90.57,0.00035718284845352174,90.57,0.013382205931356216
1998,0.0003500081926584244,90.84,0.0003500081926584244,90.84,0.013368877040986337
1999,0.0003539708822965622,90.57,0.0003539708822965622,90.57,0.013355548150616462
2000,0.00035894429385662077,90.82000000000001,0.00035894429385662077,90.82000000000001,0.013342219260246584
2001,0.0003633622735738754,90.4,0.0003633622735738754,90.4,0.013328890369876709
2002,0.000365935343503952,90.29,0.000365935343503952,90.29,0.013315561479506832
2003,0.0004895211428403854,87.16000000000001,0.0004895211428403854,87.16000000000001,0.013302232589136955
2004,0.00041359599232673646,89.14999999999999,0.00041359599232673646,89.14999999999999,0.013288903698767077
2005,0.00035985377132892606,90.2,0.00035985377132892606,90.2,0.013275574808397202
2006,0.0003686555862426758,90.31,0.0003686555862426758,90.31,0.013262245918027325
2007,0.0003994914472103119,89.37,0.0003994914472103119,89.37,0.013248917027657448
2008,0.00037448589503765107,90.01,0.00037448589503765107,90.01,0.01323558813728757
2009,0.00035852940678596495,90.53999999999999,0.00035852940678596495,90.53999999999999,0.013222259246917695
2010,0.0003846102833747864,89.9,0.0003846102833747864,89.9,0.013208930356547818
2011,0.000375764137506485,90.42999999999999,0.000375764137506485,90.42999999999999,0.013195601466177941
2012,0.0003621516764163971,90.41,0.0003621516764163971,90.41,0.013182272575808065
2013,0.00042505409717559815,88.5,0.00042505409717559815,88.5,0.013168943685438188
2014,0.0004234500378370285,88.74,0.0004234500378370285,88.74,0.013155614795068311
2015,0.0003847093105316162,89.21,0.0003847093105316162,89.21,0.013142285904698434
2016,0.000474892121553421,87.49,0.000474892121553421,87.49,0.013128957014328558
2017,0.000366567051410675,89.84,0.000366567051410675,89.84,0.01311562812395868
2018,0.00035338671803474426,90.39,0.00035338671803474426,90.39,0.013102299233588804
2019,0.000378612893819809,89.83,0.000378612893819809,89.83,0.013088970343218927
2020,0.00037546883523464203,89.77000000000001,0.00037546883523464203,89.77000000000001,0.01307564145284905
2021,0.00036228101551532746,89.42999999999999,0.00036228101551532746,89.42999999999999,0.013062312562479174
2022,0.0003656603157520294,89.81,0.0003656603157520294,89.81,0.013048983672109297
2023,0.00035097233057022095,90.08,0.00035097233057022095,90.08,0.01303565478173942
2024,0.0004979883342981339,86.83999999999999,0.0004979883342981339,86.83999999999999,0.013022325891369544
2025,0.00037956553995609286,89.53999999999999,0.00037956553995609286,89.53999999999999,0.013008997000999667
2026,0.00036832538545131683,89.53999999999999,0.00036832538545131683,89.53999999999999,0.01299566811062979
2027,0.00035767063200473786,90.02,0.00035767063200473786,90.02,0.012982339220259913
2028,0.0005129858404397964,86.85000000000001,0.0005129858404397964,86.85000000000001,0.012969010329890037
2029,0.00039891573190689085,88.73,0.00039891573190689085,88.73,0.01295568143952016
2030,0.0003543132096529007,90.11,0.0003543132096529007,90.11,0.012942352549150285
2031,0.0003488150030374527,90.22,0.0003488150030374527,90.22,0.012929023658780407
2032,0.0004734904408454895,86.91,0.0004734904408454895,86.91,0.01291569476841053
2033,0.00036490086913108826,90.36,0.00036490086913108826,90.36,0.012902365878040653
2034,0.0003551235646009445,90.12,0.0003551235646009445,90.12,0.012889036987670778
2035,0.00035310059785842896,90.3,0.00035310059785842896,90.3,0.0128757080973009
2036,0.00042273698449134825,88.35,0.00042273698449134825,88.35,0.012862379206931023
2037,0.0003731582969427109,89.75999999999999,0.0003731582969427109,89.75999999999999,0.012849050316561146
2038,0.0003976400285959244,88.94,0.0003976400285959244,88.94,0.012835721426191271
2039,0.0004213463217020035,88.35,0.0004213463217020035,88.35,0.012822392535821393
2040,0.00037246297299861907,89.7,0.00037246297299861907,89.7,0.012809063645451516
2041,0.00035203831195831296,90.38000000000001,0.00035203831195831296,90.38000000000001,0.01279573475508164
2042,0.00034213419556617736,90.73,0.00034213419556617736,90.73,0.012782405864711764
2043,0.0003773559480905533,89.58,0.0003773559480905533,89.58,0.012769076974341886
2044,0.0003837732404470444,89.37,0.0003837732404470444,89.37,0.012755748083972009
2045,0.00038191906213760375,89.7,0.00038191906213760375,89.7,0.012742419193602132
2046,0.00034976829290390017,90.45,0.00034976829290390017,90.45,0.012729090303232257
2047,0.0003965510278940201,89.42999999999999,0.0003965510278940201,89.42999999999999,0.012715761412862379
2048,0.0003598789304494858,90.24,0.0003598789304494858,90.24,0.012702432522492502
2049,0.00035896262526512147,90.60000000000001,0.00035896262526512147,90.60000000000001,0.012689103632122625
2050,0.0003741940766572952,90.12,0.0003741940766572952,90.12,0.01267577474175275
2051,0.0003601781636476517,90.56,0.0003601781636476517,90.56,0.012662445851382872
2052,0.00036870992183685305,90.09,0.00036870992183685305,90.09,0.012649116961012997
2053,0.0003524435460567474,90.53999999999999,0.0003524435460567474,90.53999999999999,0.012635788070643118
2054,0.0003682527244091034,90.4,0.0003682527244091034,90.4,0.012622459180273243
2055,0.00041754338443279266,88.94999999999999,0.00041754338443279266,88.94999999999999,0.012609130289903365
2056,0.00039394376277923583,89.85,0.00039394376277923583,89.85,0.01259580139953349
2057,0.0004432359725236893,88.4,0.0004432359725236893,88.4,0.012582472509163611
2058,0.00036515272855758665,89.84,0.00036515272855758665,89.84,0.012569143618793736
2059,0.0003625312149524689,90.31,0.0003625312149524689,90.31,0.012555814728423858
2060,0.0003869161635637283,89.64,0.0003869161635637283,89.64,0.012542485838053983
2061,0.00036451208889484406,90.23,0.00036451208889484406,90.23,0.012529156947684104
2062,0.00037582951188087465,89.86,0.00037582951188087465,89.86,0.01251582805731423
2063,0.00036251884996891024,90.32,0.00036251884996891024,90.32,0.012502499166944353
2064,0.00035736312866210937,90.63,0.00035736312866210937,90.63,0.012489170276574476
2065,0.00035217241048812867,90.56,0.00035217241048812867,90.56,0.012475841386204597
2066,0.00036169324219226836,90.63,0.00036169324219226836,90.63,0.012462512495834722
2067,0.00035902791023254395,90.62,0.00035902791023254395,90.62,0.012449183605464846
2068,0.000410827499628067,88.87,0.000410827499628067,88.87,0.012435854715094969
2069,0.00040901023447513583,89.53999999999999,0.00040901023447513583,89.53999999999999,0.01242252582472509
2070,0.0005156224966049194,86.44,0.0005156224966049194,86.44,0.012409196934355216
2071,0.000482457435131073,86.92,0.000482457435131073,86.92,0.012395868043985339
2072,0.0003632302314043045,90.06,0.0003632302314043045,90.06,0.012382539153615462
2073,0.0003726682722568512,89.77000000000001,0.0003726682722568512,89.77000000000001,0.012369210263245584
2074,0.0004656843066215515,87.08,0.0004656843066215515,87.08,0.012355881372875709
2075,0.00040973379611968994,89.08,0.00040973379611968994,89.08,0.012342552482505832
2076,0.000397856193780899,89.2,0.000397856193780899,89.2,0.012329223592135955
2077,0.0003758663892745972,90.09,0.0003758663892745972,90.09,0.01231589470176608
2078,0.00037883040010929105,89.73,0.00037883040010929105,89.73,0.012302565811396202
2079,0.00039065224528312683,89.59,0.00039065224528312683,89.59,0.012289236921026325
2080,0.000374217677116394,90.10000000000001,0.000374217677116394,90.10000000000001,0.012275908030656448
2081,0.00035375704765319824,90.35,0.00035375704765319824,90.35,0.012262579140286573
2082,0.0003577511161565781,90.64,0.0003577511161565781,90.64,0.012249250249916695
2083,0.0003606460511684418,90.59,0.0003606460511684418,90.59,0.012235921359546818
2084,0.000355899840593338,90.58,0.000355899840593338,90.58,0.012222592469176941
2085,0.00035426096916198733,90.27,0.00035426096916198733,90.27,0.012209263578807066
2086,0.0003548345059156418,90.61,0.0003548345059156418,90.61,0.012195934688437188
2087,0.0004057089924812317,89.25999999999999,0.0004057089924812317,89.25999999999999,0.012182605798067311
2088,0.0003876073151826859,89.63,0.0003876073151826859,89.63,0.012169276907697434
2089,0.00035921685397624967,90.29,0.00035921685397624967,90.29,0.012155948017327558
2090,0.0003605782240629196,90.38000000000001,0.0003605782240629196,90.38000000000001,0.01214261912695768
2091,0.00035928919911384585,90.51,0.00035928919911384585,90.51,0.012129290236587804
2092,0.00035461636781692506,90.5,0.00035461636781692506,90.5,0.012115961346217927
2093,0.000358508437871933,90.5,0.000358508437871933,90.5,0.01210263245584805
2094,0.0003678320974111557,90.32,0.0003678320974111557,90.32,0.012089303565478174
2095,0.00036537083387374876,90.22,0.00036537083387374876,90.22,0.012075974675108297
2096,0.0003668284475803375,90.49000000000001,0.0003668284475803375,90.49000000000001,0.01206264578473842
2097,0.0003503014117479324,90.48,0.0003503014117479324,90.48,0.012049316894368544
2098,0.00048013463616371156,87.18,0.00048013463616371156,87.18,0.012035988003998667
2099,0.0004498000353574753,87.22,0.0004498000353574753,87.22,0.01202265911362879
2100,0.00037443032562732695,89.71000000000001,0.00037443032562732695,89.71000000000001,0.012009330223258913
2101,0.00040870522260665895,89.38000000000001,0.00040870522260665895,89.38000000000001,0.011996001332889037
2102,0.0004883059024810791,87.78,0.0004883059024810791,87.78,0.01198267244251916
2103,0.0004054746717214584,89.38000000000001,0.0004054746717214584,89.38000000000001,0.011969343552149283
2104,0.0004178245812654495,88.62,0.0004178245812654495,88.62,0.011956014661779406
2105,0.0003737756490707397,90.19,0.0003737756490707397,90.19,0.011942685771409531
2106,0.000370432898402214,90.2,0.000370432898402214,90.2,0.011929356881039655
2107,0.00035817047655582426,90.34,0.00035817047655582426,90.34,0.011916027990669776
2108,0.00041169982254505156,89.31,0.00041169982254505156,89.31,0.0119026991002999
2109,0.00038641098141670225,89.63,0.00038641098141670225,89.63,0.011889370209930025
2110,0.00036072209477424624,90.23,0.00036072209477424624,90.23,0.011876041319560148
2111,0.0003818286627531052,90.09,0.0003818286627531052,90.09,0.01186271242919027
2112,0.0003914710968732834,89.36,0.0003914710968732834,89.36,0.011849383538820393
2113,0.00037288986146450043,90.16999999999999,0.00037288986146450043,90.16999999999999,0.011836054648450518
2114,0.0003563424289226532,90.51,0.0003563424289226532,90.51,0.011822725758080641
2115,0.0003561503976583481,90.63,0.0003561503976583481,90.63,0.011809396867710762
2116,0.00040865392088890076,88.74,0.00040865392088890076,88.74,0.011796067977340886
2117,0.00037386897206306456,89.74,0.00037386897206306456,89.74,0.01178273908697101
2118,0.0003565521836280823,90.53999999999999,0.0003565521836280823,90.53999999999999,0.011769410196601134
2119,0.00038489151895046235,89.73,0.00038489151895046235,89.73,0.011756081306231255
2120,0.00037428121566772464,90.14999999999999,0.00037428121566772464,90.14999999999999,0.011742752415861379
2121,0.00044244655072689056,87.99,0.00044244655072689056,87.99,0.011729423525491504
2122,0.0003877936124801636,89.27000000000001,0.0003877936124801636,89.27000000000001,0.011716094635121627
2123,0.000366766756772995,89.89,0.000366766756772995,89.89,0.011702765744751749
2124,0.0003579115718603134,90.25999999999999,0.0003579115718603134,90.25999999999999,0.011689436854381874
2125,0.0003709049254655838,90.27,0.0003709049254655838,90.27,0.011676107964011997
2126,0.0004040621519088745,89.07000000000001,0.0004040621519088745,89.07000000000001,0.01166277907364212
2127,0.0003956275910139084,89.47,0.0003956275910139084,89.47,0.011649450183272242
2128,0.0003793283522129059,90.09,0.0003793283522129059,90.09,0.011636121292902367
2129,0.0003985089182853699,89.21,0.0003985089182853699,89.21,0.01162279240253249
2130,0.00039524356126785276,89.41,0.00039524356126785276,89.41,0.011609463512162613
2131,0.00036357972621917724,89.92999999999999,0.00036357972621917724,89.92999999999999,0.011596134621792736
2132,0.0003837062299251556,89.81,0.0003837062299251556,89.81,0.01158280573142286
2133,0.00035693255960941313,90.32,0.00035693255960941313,90.32,0.011569476841052983
2134,0.0003746088773012161,89.83,0.0003746088773012161,89.83,0.011556147950683106
2135,0.00035165547728538513,90.51,0.00035165547728538513,90.51,0.01154281906031323
2136,0.0003648298978805542,90.45,0.0003648298978805542,90.45,0.011529490169943353
2137,0.00034716499745845796,90.60000000000001,0.00034716499745845796,90.60000000000001,0.011516161279573476
2138,0.00034365052878856657,90.7,0.00034365052878856657,90.7,0.0115028323892036
2139,0.00035113075375556947,90.73,0.00035113075375556947,90.73,0.011489503498833722
2140,0.0003631304293870926,90.4,0.0003631304293870926,90.4,0.011476174608463846
2141,0.00034971562325954435,90.5,0.00034971562325954435,90.5,0.011462845718093969
2142,0.00036730245053768156,89.60000000000001,0.00036730245053768156,89.60000000000001,0.011449516827724092
2143,0.0003586924046278,90.14999999999999,0.0003586924046278,90.14999999999999,0.011436187937354216
2144,0.0003584575742483139,90.4,0.0003584575742483139,90.4,0.011422859046984339
2145,0.00046765271425247193,87.08,0.00046765271425247193,87.08,0.011409530156614462
2146,0.0004673572033643723,87.64,0.0004673572033643723,87.64,0.011396201266244585
2147,0.0003506982177495956,90.27,0.0003506982177495956,90.27,0.011382872375874709
2148,0.00039714035391807555,88.94999999999999,0.00039714035391807555,88.94999999999999,0.011369543485504832
2149,0.000368255603313446,90.06,0.000368255603313446,90.06,0.011356214595134955
2150,0.00034772382378578186,90.5,0.00034772382378578186,90.5,0.011342885704765078
2151,0.0003559948682785034,90.18,0.0003559948682785034,90.18,0.011329556814395202
2152,0.0003614192485809326,90.2,0.0003614192485809326,90.2,0.011316227924025325
2153,0.00034820154011249544,90.59,0.00034820154011249544,90.59,0.011302899033655448
2154,0.00036771763563156126,90.48,0.00036771763563156126,90.48,0.011289570143285571
2155,0.00035143858194351197,90.63,0.00035143858194351197,90.63,0.011276241252915695
2156,0.00035614594519138337,90.29,0.00035614594519138337,90.29,0.01126291236254582
2157,0.0003847796082496643,89.69,0.0003847796082496643,89.69,0.011249583472175941
2158,0.0003786200225353241,89.4,0.0003786200225353241,89.4,0.011236254581806064
2159,0.00036356074810028075,90.18,0.00036356074810028075,90.18,0.011222925691436188
2160,0.0003660843700170517,90.55,0.0003660843700170517,90.55,0.011209596801066313
2161,0.0003539523243904114,90.60000000000001,0.0003539523243904114,90.60000000000001,0.011196267910696434
2162,0.00035560221672058104,90.59,0.00035560221672058104,90.59,0.011182939020326558
2163,0.00034762127697467805,90.56,0.00034762127697467805,90.56,0.01116961012995668
2164,0.0003458864539861679,90.64,0.0003458864539861679,90.64,0.011156281239586806
2165,0.0003497088372707367,90.60000000000001,0.0003497088372707367,90.60000000000001,0.011142952349216927
2166,0.00036152603626251223,90.35,0.00036152603626251223,90.35,0.01112962345884705
2167,0.000364264914393425,90.31,0.000364264914393425,90.31,0.011116294568477174
2168,0.0005102727204561233,86.4,0.0005102727204561233,86.4,0.011102965678107299
2169,0.00038440564572811127,89.5,0.00038440564572811127,89.5,0.01108963678773742
2170,0.000411631178855896,89.05999999999999,0.000411631178855896,89.05999999999999,0.011076307897367544
2171,0.00036549018025398253,90.08,0.00036549018025398253,90.08,0.011062979006997669
2172,0.00035309318602085114,90.19,0.00035309318602085114,90.19,0.011049650116627792
2173,0.00035219655334949496,90.44,0.00035219655334949496,90.44,0.011036321226257913
2174,0.0003512893378734589,90.39,0.0003512893378734589,90.39,0.011022992335888037
2175,0.00036545252203941343,90.67,0.00036545252203941343,90.67,0.011009663445518162
2176,0.000349142661690712,90.7,0.000349142661690712,90.7,0.010996334555148285
2177,0.0003586620956659317,90.68,0.0003586620956659317,90.68,0.010983005664778406
2178,0.00036643891036510466,90.39,0.00036643891036510466,90.39,0.01096967677440853
2179,0.00035817481577396395,90.53,0.00035817481577396395,90.53,0.010956347884038655
2180,0.0004188107490539551,88.97,0.0004188107490539551,88.97,0.010943018993668778
2181,0.000375704151391983,89.84,0.000375704151391983,89.84,0.010929690103298901
2182,0.00035904405415058136,90.49000000000001,0.00035904405415058136,90.49000000000001,0.010916361212929023
2183,0.0003540995866060257,90.64999999999999,0.0003540995866060257,90.64999999999999,0.010903032322559148
2184,0.00036767736375331876,90.4,0.00036767736375331876,90.4,0.010889703432189271
2185,0.0003598922491073608,90.41,0.0003598922491073608,90.41,0.010876374541819394
2186,0.0003486368268728256,90.86999999999999,0.0003486368268728256,90.86999999999999,0.010863045651449516
2187,0.0003989784628152847,89.57000000000001,0.0003989784628152847,89.57000000000001,0.01084971676107964
2188,0.0003651184946298599,90.42,0.0003651184946298599,90.42,0.010836387870709764
2189,0.0003657003879547119,90.3,0.0003657003879547119,90.3,0.010823058980339887
2190,0.0003497700333595276,90.95,0.0003497700333595276,90.95,0.01080973008997001
2191,0.00034894112646579743,90.64,0.00034894112646579743,90.64,0.010796401199600134
2192,0.00036567005217075346,90.56,0.00036567005217075346,90.56,0.010783072309230257
2193,0.00035340559780597686,90.84,0.00035340559780597686,90.84,0.01076974341886038
2194,0.00035391856133937835,90.82000000000001,0.00035391856133937835,90.82000000000001,0.010756414528490504
2195,0.0003614111244678497,90.75999999999999,0.0003614111244678497,90.75999999999999,0.010743085638120627
2196,0.0004014440596103668,89.75,0.0004014440596103668,89.75,0.01072975674775075
2197,0.00038363525569438934,90.31,0.00038363525569438934,90.31,0.010716427857380873
2198,0.0003702882945537567,90.42999999999999,0.0003702882945537567,90.42999999999999,0.010703098967010997
2199,0.0003612801492214203,90.46,0.0003612801492214203,90.46,0.01068977007664112
2200,0.0003587738662958145,90.74,0.0003587738662958145,90.74,0.010676441186271243
2201,0.00035677488148212435,90.86,0.00035677488148212435,90.86,0.010663112295901367
2202,0.00036503827571868897,90.47,0.00036503827571868897,90.47,0.01064978340553149
2203,0.00036930117607116697,90.53999999999999,0.00036930117607116697,90.53999999999999,0.010636454515161613
2204,0.0003552738547325134,90.79,0.0003552738547325134,90.79,0.010623125624791736
2205,0.00040054907500743867,89.79,0.00040054907500743867,89.79,0.01060979673442186
2206,0.00035270896553993227,90.66,0.00035270896553993227,90.66,0.010596467844051983
2207,0.0003604137480258942,90.71000000000001,0.0003604137480258942,90.71000000000001,0.010583138953682106
2208,0.0006301351368427277,82.73,0.0006301351368427277,82.73,0.01056981006331223
2209,0.0004445315361022949,87.48,0.0004445315361022949,87.48,0.010556481172942353
2210,0.00043551879227161406,86.98,0.00043551879227161406,86.98,0.010543152282572476
2211,0.00036347953081130983,89.73,0.00036347953081130983,89.73,0.0105298233922026
2212,0.00036148902475833893,89.74,0.00036148902475833893,89.74,0.010516494501832722
2213,0.0003410461217164993,90.31,0.0003410461217164993,90.31,0.010503165611462846
2214,0.0003683984011411667,89.74,0.0003683984011411667,89.74,0.010489836721092969
2215,0.0003660634696483612,90.4,0.0003660634696483612,90.4,0.010476507830723092
2216,0.00034912075996398927,90.57,0.00034912075996398927,90.57,0.010463178940353215
2217,0.0003478745549917221,90.55,0.0003478745549917221,90.55,0.010449850049983339
2218,0.00035384251177310945,90.46,0.00035384251177310945,90.46,0.010436521159613462
2219,0.00037496740221977233,89.77000000000001,0.00037496740221977233,89.77000000000001,0.010423192269243585
2220,0.0003685032695531845,89.78,0.0003685032695531845,89.78,0.010409863378873709
2221,0.0003682214766740799,90.03999999999999,0.0003682214766740799,90.03999999999999,0.010396534488503832
2222,0.0003641037553548813,90.11,0.0003641037553548813,90.11,0.010383205598133957
2223,0.00036113200783729555,90.57,0.00036113200783729555,90.57,0.010369876707764078
2224,0.00037015656232833864,90.25999999999999,0.00037015656232833864,90.25999999999999,0.010356547817394202
2225,0.0003657519191503525,90.13,0.0003657519191503525,90.13,0.010343218927024325
2226,0.0003523825913667679,90.58,0.0003523825913667679,90.58,0.01032989003665445
2227,0.00043428019881248475,88.37,0.00043428019881248475,88.37,0.010316561146284571
2228,0.0003747089684009552,90.23,0.0003747089684009552,90.23,0.010303232255914695
2229,0.00037248976230621337,89.96,0.00037248976230621337,89.96,0.010289903365544818
2230,0.00036277495622634887,90.60000000000001,0.00036277495622634887,90.60000000000001,0.010276574475174943
2231,0.0003710213243961334,90.10000000000001,0.0003710213243961334,90.10000000000001,0.010263245584805066
2232,0.00035111543536186216,90.56,0.00035111543536186216,90.56,0.010249916694435188
2233,0.0003617607980966568,90.44,0.0003617607980966568,90.44,0.010236587804065311
2234,0.00034964227378368376,90.78,0.00034964227378368376,90.78,0.010223258913695436
2235,0.0003486799329519272,90.7,0.0003486799329519272,90.7,0.01020993002332556
2236,0.00035933282077312467,90.53999999999999,0.00035933282077312467,90.53999999999999,0.01019660113295568
2237,0.0003625897943973541,90.41,0.0003625897943973541,90.41,0.010183272242585804
2238,0.0003540356874465942,90.62,0.0003540356874465942,90.62,0.010169943352215929
2239,0.0004624360531568527,87.66000000000001,0.0004624360531568527,87.66000000000001,0.010156614461846052
2240,0.00038144090473651886,90.16,0.00038144090473651886,90.16,0.010143285571476174
2241,0.00038632915914058686,89.67,0.00038632915914058686,89.67,0.010129956681106299
2242,0.00037729415595531466,89.77000000000001,0.00037729415595531466,89.77000000000001,0.010116627790736422
2243,0.0003743034988641739,90.39,0.0003743034988641739,90.39,0.010103298900366545
2244,0.00036111356914043425,90.52,0.00036111356914043425,90.52,0.010089970009996667
2245,0.00039315144419670107,89.78,0.00039315144419670107,89.78,0.010076641119626792
2246,0.00043617146909236907,89.09,0.00043617146909236907,89.09,0.010063312229256915
2247,0.00038953460156917574,89.48,0.00038953460156917574,89.48,0.010049983338887038
2248,0.0003675414115190506,90.32,0.0003675414115190506,90.32,0.01003665444851716
2249,0.00035702664852142334,90.48,0.00035702664852142334,90.48,0.010023325558147285
2250,0.00036008864045143125,90.67,0.00036008864045143125,90.67,0.010009996667777408
2251,0.0003619294375181198,90.47,0.0003619294375181198,90.47,0.009996667777407531
2252,0.00035574158430099487,90.68,0.00035574158430099487,90.68,0.009983338887037653
2253,0.0004067456543445587,89.21,0.0004067456543445587,89.21,0.009970009996667778
2254,0.0003654657244682312,90.33,0.0003654657244682312,90.33,0.009956681106297901
2255,0.0003777766406536102,90.23,0.0003777766406536102,90.23,0.009943352215928025
2256,0.00036724482476711276,90.49000000000001,0.00036724482476711276,90.49000000000001,0.009930023325558148
2257,0.00037133106887340543,90.58,0.00037133106887340543,90.58,0.009916694435188271
2258,0.0004124440222978592,89.41,0.0004124440222978592,89.41,0.009903365544818394
2259,0.0003643440127372742,90.33,0.0003643440127372742,90.33,0.009890036654448518
2260,0.00037739995419979095,90.25999999999999,0.00037739995419979095,90.25999999999999,0.00987670776407864
2261,0.00037663848996162416,89.79,0.00037663848996162416,89.79,0.009863378873708764
2262,0.0004053293824195862,89.8,0.0004053293824195862,89.8,0.009850049983338887
2263,0.0003592323184013367,90.64999999999999,0.0003592323184013367,90.64999999999999,0.00983672109296901
2264,0.0003638797223567963,90.51,0.0003638797223567963,90.51,0.009823392202599134
2265,0.0003629356265068054,90.56,0.0003629356265068054,90.56,0.009810063312229257
2266,0.00035867545902729033,90.64999999999999,0.00035867545902729033,90.64999999999999,0.00979673442185938
2267,0.0003646813422441483,90.48,0.0003646813422441483,90.48,0.009783405531489504
2268,0.0003699396640062332,90.63,0.0003699396640062332,90.63,0.009770076641119627
2269,0.0003633568674325943,90.75,0.0003633568674325943,90.75,0.00975674775074975
2270,0.0003620966285467148,90.63,0.0003620966285467148,90.63,0.009743418860379873
2271,0.000367913219332695,90.45,0.000367913219332695,90.45,0.009730089970009997
2272,0.00036245796382427213,90.66,0.00036245796382427213,90.66,0.00971676107964012
2273,0.00036873529851436614,90.46,0.00036873529851436614,90.46,0.009703432189270243
2274,0.00035641414821147916,90.84,0.00035641414821147916,90.84,0.009690103298900367
2275,0.00035543353855609896,90.84,0.00035543353855609896,90.84,0.00967677440853049
2276,0.0003542242646217346,90.98,0.0003542242646217346,90.98,0.009663445518160613
2277,0.0003637397229671478,90.86,0.0003637397229671478,90.86,0.009650116627790736
2278,0.0004560938596725464,87.96000000000001,0.0004560938596725464,87.96000000000001,0.00963678773742086
2279,0.00036907694339752197,90.61,0.00036907694339752197,90.61,0.009623458847050983
2280,0.00036596131026744844,90.75,0.00036596131026744844,90.75,0.009610129956681106
2281,0.000363722687959671,90.63,0.000363722687959671,90.63,0.00959680106631123
2282,0.00037606952488422396,90.31,0.00037606952488422396,90.31,0.009583472175941353
2283,0.0003739286184310913,90.53,0.0003739286184310913,90.53,0.009570143285571476
2284,0.00036622616946697234,90.33,0.00036622616946697234,90.33,0.0095568143952016
2285,0.00038145096600055697,90.16,0.00038145096600055697,90.16,0.009543485504831724
2286,0.0003551542490720749,90.42999999999999,0.0003551542490720749,90.42999999999999,0.009530156614461846
2287,0.00036128353178501127,90.63,0.00036128353178501127,90.63,0.009516827724091969
2288,0.0003605585426092148,90.5,0.0003605585426092148,90.5,0.009503498833722092
2289,0.0003527654230594635,90.83,0.0003527654230594635,90.83,0.009490169943352217
2290,0.0003558250039815903,90.8,0.0003558250039815903,90.8,0.009476841052982339
2291,0.00036057335138320925,90.5,0.00036057335138320925,90.5,0.009463512162612462
2292,0.00040145705938339233,89.66,0.00040145705938339233,89.66,0.009450183272242587
2293,0.00035732875168323515,90.67,0.00035732875168323515,90.67,0.00943685438187271
2294,0.00036350283324718477,90.36,0.00036350283324718477,90.36,0.009423525491502832
2295,0.0003754880577325821,90.36,0.0003754880577325821,90.36,0.009410196601132955
2296,0.00036318793594837187,90.28,0.00036318793594837187,90.28,0.00939686771076308
2297,0.0003560618221759796,90.67,0.0003560618221759796,90.67,0.009383538820393203
2298,0.0003564614325761795,90.66,0.0003564614325761795,90.66,0.009370209930023325
2299,0.0003692855715751648,90.61,0.0003692855715751648,90.61,0.009356881039653448
2300,0.0003572279542684555,90.60000000000001,0.0003572279542684555,90.60000000000001,0.009343552149283573
2301,0.00036501277685165403,90.69,0.00036501277685165403,90.69,0.009330223258913695
2302,0.0003645066261291504,90.52,0.0003645066261291504,90.52,0.009316894368543818
2303,0.00040910740494728087,89.44,0.00040910740494728087,89.44,0.009303565478173941
2304,0.00036633090972900393,90.45,0.00036633090972900393,90.45,0.009290236587804066
2305,0.0003624938279390335,90.52,0.0003624938279390335,90.52,0.00927690769743419
2306,0.0003662539094686508,90.52,0.0003662539094686508,90.52,0.009263578807064313
2307,0.000363725945353508,90.73,0.000363725945353508,90.73,0.009250249916694436
2308,0.0003566471189260483,90.67,0.0003566471189260483,90.67,0.00923692102632456
2309,0.00045656519532203673,88.4,0.00045656519532203673,88.4,0.00922359213595468
2310,0.00038902415335178377,90.0,0.00038902415335178377,90.0,0.009210263245584804
2311,0.00037374175190925597,90.56,0.00037374175190925597,90.56,0.009196934355214929
2312,0.00039414497911930085,89.74,0.00039414497911930085,89.74,0.009183605464845052
2313,0.00037181328535079955,90.36,0.00037181328535079955,90.36,0.009170276574475176
2314,0.0003981663733720779,89.94,0.0003981663733720779,89.94,0.009156947684105299
2315,0.00038532424569129943,90.09,0.00038532424569129943,90.09,0.009143618793735422
2316,0.00037774842977523804,90.25,0.00037774842977523804,90.25,0.009130289903365545
2317,0.00041312146186828615,89.53,0.00041312146186828615,89.53,0.009116961012995667
2318,0.0003543754577636719,90.75,0.0003543754577636719,90.75,0.00910363212262579
2319,0.00036236143708229067,90.68,0.00036236143708229067,90.68,0.009090303232255915
2320,0.0003668210297822952,90.91,0.0003668210297822952,90.91,0.009076974341886038
2321,0.0003681579202413559,90.73,0.0003681579202413559,90.73,0.009063645451516162
2322,0.0003612322062253952,90.79,0.0003612322062253952,90.79,0.009050316561146285
2323,0.00037241469025611876,90.34,0.00037241469025611876,90.34,0.009036987670776408
2324,0.00039565370380878446,89.42999999999999,0.00039565370380878446,89.42999999999999,0.009023658780406533
2325,0.00035835240483284,90.44,0.00035835240483284,90.44,0.009010329890036653
2326,0.00036764556765556334,90.11,0.00036764556765556334,90.11,0.008997000999666778
2327,0.00035963242352008817,90.64,0.00035963242352008817,90.64,0.008983672109296901
2328,0.00035635018944740293,90.75,0.00035635018944740293,90.75,0.008970343218927024
2329,0.00035713731050491333,90.68,0.00035713731050491333,90.68,0.008957014328557148
2330,0.0003556295931339264,90.86,0.0003556295931339264,90.86,0.008943685438187271
2331,0.000365819725394249,90.66,0.000365819725394249,90.66,0.008930356547817394
2332,0.0003589892357587814,90.64,0.0003589892357587814,90.64,0.00891702765744752
2333,0.0003604520171880722,90.77,0.0003604520171880722,90.77,0.008903698767077643
2334,0.0003609587520360947,90.79,0.0003609587520360947,90.79,0.008890369876707764
2335,0.0003541222810745239,90.91,0.0003541222810745239,90.91,0.008877040986337887
2336,0.00035914753675460814,90.73,0.00035914753675460814,90.73,0.00886371209596801
2337,0.0003807518541812897,90.36,0.0003807518541812897,90.36,0.008850383205598134
2338,0.00035488725900650024,90.8,0.00035488725900650024,90.8,0.008837054315228257
2339,0.00036632082164287565,90.66,0.00036632082164287565,90.66,0.00882372542485838
2340,0.0004148357003927231,89.07000000000001,0.0004148357003927231,89.07000000000001,0.008810396534488505
2341,0.00038047975897789,90.2,0.00038047975897789,90.2,0.008797067644118629
2342,0.00036351562440395353,90.33,0.00036351562440395353,90.33,0.00878373875374875
2343,0.00036720561683177945,90.58,0.00036720561683177945,90.58,0.008770409863378873
2344,0.00035780072212219236,90.56,0.00035780072212219236,90.56,0.008757080973008997
2345,0.00038607057631015777,90.27,0.00038607057631015777,90.27,0.00874375208263912
2346,0.00037904782593250276,90.28,0.00037904782593250276,90.28,0.008730423192269243
2347,0.00035927098095417024,90.49000000000001,0.00035927098095417024,90.49000000000001,0.008717094301899368
2348,0.00042838079631328583,88.38000000000001,0.00042838079631328583,88.38000000000001,0.008703765411529491
2349,0.00037500942945480347,89.81,0.00037500942945480347,89.81,0.008690436521159615
2350,0.0003817104995250702,90.07,0.0003817104995250702,90.07,0.008677107630789736
2351,0.000365828675031662,90.27,0.000365828675031662,90.27,0.00866377874041986
2352,0.0003912575602531433,89.69,0.0003912575602531433,89.69,0.008650449850049983
2353,0.0003797539800405502,90.16999999999999,0.0003797539800405502,90.16999999999999,0.008637120959680106
2354,0.00037799640297889707,90.23,0.00037799640297889707,90.23,0.00862379206931023
2355,0.0003813323944807053,90.09,0.0003813323944807053,90.09,0.008610463178940354
2356,0.00037250833809375765,90.36,0.00037250833809375765,90.36,0.008597134288570478
2357,0.00038672614395618437,89.98,0.00038672614395618437,89.98,0.008583805398200601
2358,0.0003826119363307953,90.29,0.0003826119363307953,90.29,0.008570476507830722
2359,0.00037888348996639254,90.25,0.00037888348996639254,90.25,0.008557147617460846
2360,0.00036891308724880216,90.45,0.00036891308724880216,90.45,0.008543818727090969
2361,0.00043354149460792543,88.89,0.00043354149460792543,88.89,0.008530489836721092
2362,0.0003691165745258331,90.32,0.0003691165745258331,90.32,0.008517160946351217
2363,0.00036688733398914335,90.38000000000001,0.00036688733398914335,90.38000000000001,0.00850383205598134
2364,0.0003691409111022949,90.36999999999999,0.0003691409111022949,90.36999999999999,0.008490503165611464
2365,0.00037166247963905334,90.53,0.00037166247963905334,90.53,0.008477174275241587
2366,0.00039565044939517976,89.72,0.00039565044939517976,89.72,0.00846384538487171
2367,0.0007033958971500397,84.17,0.0007033958971500397,84.17,0.008450516494501832
2368,0.0003700447469949722,90.03,0.0003700447469949722,90.03,0.008437187604131955
2369,0.00037238771617412566,89.74,0.00037238771617412566,89.74,0.008423858713762078
2370,0.0003638576567173004,90.35,0.0003638576567173004,90.35,0.008410529823392203
2371,0.0003631761819124222,89.84,0.0003631761819124222,89.84,0.008397200933022327
2372,0.000363102713227272,90.25,0.000363102713227272,90.25,0.00838387204265245
2373,0.0003676458120346069,89.92999999999999,0.0003676458120346069,89.92999999999999,0.008370543152282573
2374,0.0003899372786283493,89.7,0.0003899372786283493,89.7,0.008357214261912696
2375,0.00038499418199062347,89.88000000000001,0.00038499418199062347,89.88000000000001,0.008343885371542818
2376,0.00035438771843910216,90.48,0.00035438771843910216,90.48,0.008330556481172941
2377,0.0003780202716588974,89.91,0.0003780202716588974,89.91,0.008317227590803066
2378,0.0003869492739439011,89.79,0.0003869492739439011,89.79,0.00830389870043319
2379,0.00036796900033950804,90.53999999999999,0.00036796900033950804,90.53999999999999,0.008290569810063313
2380,0.0003565358191728592,90.7,0.0003565358191728592,90.7,0.008277240919693436
2381,0.0003609044253826141,90.52,0.0003609044253826141,90.52,0.00826391202932356
2382,0.0003672597527503967,90.48,0.0003672597527503967,90.48,0.008250583138953682
2383,0.00035283578634262087,90.71000000000001,0.00035283578634262087,90.71000000000001,0.008237254248583804
2384,0.0003696373969316483,90.63,0.0003696373969316483,90.63,0.008223925358213927
2385,0.0003679345488548279,90.32,0.0003679345488548279,90.32,0.008210596467844052
2386,0.0003722368746995926,90.21000000000001,0.0003722368746995926,90.21000000000001,0.008197267577474176
2387,0.00036827875375747683,90.35,0.00036827875375747683,90.35,0.008183938687104299
2388,0.00036472046375274656,90.62,0.00036472046375274656,90.62,0.008170609796734422
2389,0.00036755871772766114,90.44,0.00036755871772766114,90.44,0.008157280906364545
2390,0.00035620711743831633,90.73,0.00035620711743831633,90.73,0.008143952015994669
2391,0.0003535173028707504,90.63,0.0003535173028707504,90.63,0.008130623125624794
2392,0.00036079782545566557,90.7,0.00036079782545566557,90.7,0.008117294235254913
2393,0.0003580098807811737,90.74,0.0003580098807811737,90.74,0.008103965344885038
2394,0.0003515269070863724,90.96,0.0003515269070863724,90.96,0.008090636454515162
2395,0.0003557167857885361,91.01,0.0003557167857885361,91.01,0.008077307564145285
2396,0.0003969900548458099,89.79,0.0003969900548458099,89.79,0.008063978673775408
2397,0.00037396683394908903,90.24,0.00037396683394908903,90.24,0.008050649783405531
2398,0.00036932798027992247,90.24,0.00036932798027992247,90.24,0.008037320893035656
2399,0.00037497769892215726,90.36999999999999,0.00037497769892215726,90.36999999999999,0.00802399200266578
2400,0.0003624064326286316,90.67,0.0003624064326286316,90.67,0.008010663112295901
2401,0.0003574830621480942,90.81,0.0003574830621480942,90.81,0.007997334221926024
2402,0.000356967294216156,90.69,0.000356967294216156,90.69,0.007984005331556148
2403,0.00035136937499046324,90.81,0.00035136937499046324,90.81,0.007970676441186271
2404,0.00034677214920520783,90.98,0.00034677214920520783,90.98,0.007957347550816394
2405,0.00034968312680721283,90.94,0.00034968312680721283,90.94,0.007944018660446518
2406,0.0003528219908475876,91.0,0.0003528219908475876,91.0,0.007930689770076643
2407,0.0003884708791971207,89.87,0.0003884708791971207,89.87,0.007917360879706766
2408,0.00037822057008743285,90.29,0.00037822057008743285,90.29,0.007904031989336887
2409,0.0003713798701763153,90.57,0.0003713798701763153,90.57,0.00789070309896701
2410,0.0003519045650959015,90.86,0.0003519045650959015,90.86,0.007877374208597134
2411,0.0003568359106779098,90.77,0.0003568359106779098,90.77,0.007864045318227257
2412,0.0003546010285615921,90.96,0.0003546010285615921,90.96,0.00785071642785738
2413,0.00035196463465690615,90.92,0.00035196463465690615,90.92,0.007837387537487505
2414,0.0003585843414068222,90.86,0.0003585843414068222,90.86,0.007824058647117629
2415,0.0003570684313774109,91.0,0.0003570684313774109,91.0,0.007810729756747752
2416,0.00035645811855793,90.84,0.00035645811855793,90.84,0.007797400866377875
2417,0.0003606676757335663,90.93,0.0003606676757335663,90.93,0.007784071976007997
2418,0.00038591794073581693,90.21000000000001,0.00038591794073581693,90.21000000000001,0.00777074308563812
2419,0.0003696648955345154,90.58,0.0003696648955345154,90.58,0.007757414195268243
2420,0.0003600489646196365,90.72,0.0003600489646196365,90.72,0.0077440853048983665
2421,0.0003533090829849243,90.83,0.0003533090829849243,90.83,0.0077307564145284915
2422,0.0003596093147993088,91.03,0.0003596093147993088,91.03,0.007717427524158615
2423,0.0003618746668100357,90.8,0.0003618746668100357,90.8,0.007704098633788738
2424,0.0003590380519628525,90.64,0.0003590380519628525,90.64,0.007690769743418861
2425,0.000351387357711792,90.86,0.000351387357711792,90.86,0.007677440853048983
2426,0.00035717359483242037,90.82000000000001,0.00035717359483242037,90.82000000000001,0.007664111962679106
2427,0.00035841541290283205,90.91,0.00035841541290283205,90.91,0.007650783072309229
2428,0.00035889028608798983,90.98,0.00035889028608798983,90.98,0.007637454181939354
2429,0.0003590352118015289,90.91,0.0003590352118015289,90.91,0.007624125291569478
2430,0.00035709390938282014,90.81,0.00035709390938282014,90.81,0.007610796401199601
2431,0.00035867203176021575,90.86999999999999,0.00035867203176021575,90.86999999999999,0.007597467510829724
2432,0.0003647944539785385,90.62,0.0003647944539785385,90.62,0.007584138620459847
2433,0.0003660104066133499,90.48,0.0003660104066133499,90.48,0.007570809730089969
2434,0.00035834019780158996,90.83,0.00035834019780158996,90.83,0.007557480839720092
2435,0.0003615055471658707,90.69,0.0003615055471658707,90.69,0.0075441519493502154
2436,0.00038475619554519656,90.25999999999999,0.00038475619554519656,90.25999999999999,0.0075308230589803404
2437,0.00035477732717990873,90.81,0.00035477732717990873,90.81,0.007517494168610464
2438,0.00036180638670921326,90.82000000000001,0.00036180638670921326,90.82000000000001,0.007504165278240587
2439,0.00036410445868968966,90.73,0.00036410445868968966,90.73,0.00749083638787071
2440,0.00035250744223594665,91.06,0.00035250744223594665,91.06,0.0074775074975008335
2441,0.0004888226002454758,86.69,0.0004888226002454758,86.69,0.007464178607130957
2442,0.0003877856940031052,89.83,0.0003877856940031052,89.83,0.007450849716761078
2443,0.0003683335065841675,90.36,0.0003683335065841675,90.36,0.0074375208263912015
2444,0.0003616155833005905,90.7,0.0003616155833005905,90.7,0.0074241919360213265
2445,0.0004039693742990494,89.35,0.0004039693742990494,89.35,0.00741086304565145
2446,0.0003765409529209137,90.03,0.0003765409529209137,90.03,0.007397534155281573
2447,0.00036439350247383117,90.44,0.00036439350247383117,90.44,0.007384205264911696
2448,0.0003607193261384964,90.46,0.0003607193261384964,90.46,0.00737087637454182
2449,0.00036138862073421476,90.57,0.00036138862073421476,90.57,0.007357547484171945
2450,0.00036278303563594817,90.68,0.00036278303563594817,90.68,0.007344218593802064
2451,0.00035963844060897825,90.74,0.00035963844060897825,90.74,0.007330889703432189
2452,0.0003549232810735703,90.73,0.0003549232810735703,90.73,0.007317560813062313
2453,0.00035412583947181704,90.89,0.00035412583947181704,90.89,0.007304231922692436
2454,0.00035752338767051694,90.9,0.00035752338767051694,90.9,0.007290903032322559
2455,0.0003540114462375641,90.75999999999999,0.0003540114462375641,90.75999999999999,0.0072775741419526824
2456,0.0003553263247013092,90.73,0.0003553263247013092,90.73,0.007264245251582806
2457,0.0003940710097551346,89.71000000000001,0.0003940710097551346,89.71000000000001,0.007250916361212931
2458,0.00037318162620067594,90.24,0.00037318162620067594,90.24,0.0072375874708430505
2459,0.000362056365609169,90.69,0.000362056365609169,90.69,0.0072242585804731755
2460,0.00036482333540916443,90.73,0.00036482333540916443,90.73,0.007210929690103299
2461,0.0003627691715955734,90.58,0.0003627691715955734,90.58,0.007197600799733422
2462,0.0003546112447977066,90.86,0.0003546112447977066,90.86,0.007184271909363545
2463,0.0003563859075307846,90.8,0.0003563859075307846,90.8,0.0071709430189936686
2464,0.00035544861257076263,90.8,0.00035544861257076263,90.8,0.0071576141286237936
2465,0.00035242077112197876,91.14,0.00035242077112197876,91.14,0.007144285238253917
2466,0.000355333399772644,90.94,0.000355333399772644,90.94,0.00713095634788404
2467,0.0003680997848510742,90.61,0.0003680997848510742,90.61,0.007117627457514162
2468,0.00036170674860477447,90.7,0.00036170674860477447,90.7,0.007104298567144285
2469,0.00036176642775535584,91.0,0.00036176642775535584,91.0,0.007090969676774408
2470,0.0003812730759382248,90.35,0.0003812730759382248,90.35,0.007077640786404531
2471,0.00043823022246360777,88.6,0.00043823022246360777,88.6,0.007064311896034655
2472,0.0004124001115560532,89.19,0.0004124001115560532,89.19,0.00705098300566478
2473,0.000363278540968895,90.42,0.000363278540968895,90.42,0.007037654115294903
2474,0.00036033673584461213,90.81,0.00036033673584461213,90.81,0.007024325224925026
2475,0.0003594727486371994,90.81,0.0003594727486371994,90.81,0.007010996334555148
2476,0.00036052528917789457,90.85,0.00036052528917789457,90.85,0.006997667444185271
2477,0.0003555323600769043,90.75,0.0003555323600769043,90.75,0.006984338553815394
2478,0.00034777488708496096,90.88000000000001,0.00034777488708496096,90.88000000000001,0.0069710096634455175
2479,0.00035217332541942595,91.03,0.00035217332541942595,91.03,0.0069576807730756425
2480,0.00035439028143882754,90.69,0.00035439028143882754,90.69,0.006944351882705766
2481,0.0004183377027511597,89.08,0.0004183377027511597,89.08,0.006931022992335889
2482,0.000372942391037941,90.14999999999999,0.000372942391037941,90.14999999999999,0.006917694101966012
2483,0.00042109914422035216,88.91,0.00042109914422035216,88.91,0.006904365211596134
2484,0.00037383105456829073,90.38000000000001,0.00037383105456829073,90.38000000000001,0.006891036321226257
2485,0.0003676247954368591,90.55,0.0003676247954368591,90.55,0.00687770743085638
2486,0.0003627559870481491,90.67,0.0003627559870481491,90.67,0.006864378540486504
2487,0.00036497361958026886,90.64999999999999,0.00036497361958026886,90.64999999999999,0.006851049650116629
2488,0.00037149804532527923,90.45,0.00037149804532527923,90.45,0.006837720759746752
2489,0.0003582042008638382,90.69,0.0003582042008638382,90.69,0.006824391869376875
2490,0.00035214651823043823,90.92,0.00035214651823043823,90.92,0.006811062979006998
2491,0.0003592128843069077,90.69,0.0003592128843069077,90.69,0.006797734088637122
2492,0.0003560671597719192,90.67,0.0003560671597719192,90.67,0.006784405198267243
2493,0.0003565958082675934,90.95,0.0003565958082675934,90.95,0.0067710763078973665
2494,0.0003636855334043503,90.98,0.0003636855334043503,90.98,0.00675774741752749
2495,0.0003559679597616196,90.86999999999999,0.0003559679597616196,90.86999999999999,0.006744418527157615
2496,0.00037113862335681915,90.63,0.00037113862335681915,90.63,0.006731089636787738
2497,0.0003662840634584427,90.61,0.0003662840634584427,90.61,0.006717760746417861
2498,0.00035295271873474123,90.99000000000001,0.00035295271873474123,90.99000000000001,0.0067044318560479845
2499,0.0003583520472049713,90.84,0.0003583520472049713,90.84,0.006691102965678108
2500,0.0003554839313030243,90.75999999999999,0.0003554839313030243,90.75999999999999,0.006677774075308229
2501,0.00036096032857894895,90.79,0.00036096032857894895,90.79,0.006664445184938353
2502,0.00039271419942379,90.35,0.00039271419942379,90.35,0.006651116294568478
2503,0.00037930162847042085,90.44,0.00037930162847042085,90.44,0.006637787404198601
2504,0.00036447418332099916,90.72,0.00036447418332099916,90.72,0.006624458513828724
2505,0.0003523443818092346,90.9,0.0003523443818092346,90.9,0.006611129623458847
2506,0.00035866137146949766,90.79,0.00035866137146949766,90.79,0.006597800733088971
2507,0.0003662116199731827,90.4,0.0003662116199731827,90.4,0.006584471842719094
2508,0.00036033632457256316,90.91,0.00036033632457256316,90.91,0.006571142952349215
2509,0.0003654365718364716,90.75,0.0003654365718364716,90.75,0.006557814061979339
2510,0.00035965145826339723,90.79,0.00035965145826339723,90.79,0.006544485171609464
2511,0.00035811694264411924,90.85,0.00035811694264411924,90.85,0.006531156281239587
2512,0.0003574396848678589,90.93,0.0003574396848678589,90.93,0.00651782739086971
2513,0.0003554060786962509,91.0,0.0003554060786962509,91.0,0.0065044985004998335
2514,0.0003569839417934418,90.62,0.0003569839417934418,90.62,0.006491169610129957
2515,0.00035838072299957275,90.89,0.00035838072299957275,90.89,0.006477840719760082
2516,0.0003577667683362961,90.99000000000001,0.0003577667683362961,90.99000000000001,0.006464511829390205
2517,0.00035394425094127657,90.95,0.00035394425094127657,90.95,0.0064511829390203265
2518,0.00035675811767578127,90.91,0.00035675811767578127,90.91,0.00643785404865045
2519,0.00035450322926044466,90.96,0.00035450322926044466,90.96,0.006424525158280573
2520,0.00035489743947982787,90.94,0.00035489743947982787,90.94,0.006411196267910696
2521,0.00035545653402805326,90.92,0.00035545653402805326,90.92,0.00639786737754082
2522,0.0003563527226448059,90.89,0.0003563527226448059,90.89,0.006384538487170943
2523,0.0003536304295063019,91.01,0.0003536304295063019,91.01,0.006371209596801068
2524,0.000381943279504776,90.85,0.000381943279504776,90.85,0.006357880706431191
2525,0.0003546678066253662,91.0,0.0003546678066253662,91.0,0.006344551816061313
2526,0.0003807744950056076,90.23,0.0003807744950056076,90.23,0.006331222925691436
2527,0.0003653015941381454,90.44,0.0003653015941381454,90.44,0.006317894035321559
2528,0.00035887416303157806,90.59,0.00035887416303157806,90.59,0.006304565144951682
2529,0.0003636051326990128,90.61,0.0003636051326990128,90.61,0.006291236254581806
2530,0.00038691204488277436,89.99000000000001,0.00038691204488277436,89.99000000000001,0.006277907364211931
2531,0.0003633483171463013,90.44,0.0003633483171463013,90.44,0.006264578473842054
2532,0.0003662432193756103,90.48,0.0003662432193756103,90.48,0.006251249583472177
2533,0.0003727768808603287,90.45,0.0003727768808603287,90.45,0.006237920693102299
2534,0.00036875346004962924,90.46,0.00036875346004962924,90.46,0.006224591802732422
2535,0.0003719497323036194,90.44,0.0003719497323036194,90.44,0.006211262912362545
2536,0.00036609332263469696,90.42999999999999,0.00036609332263469696,90.42999999999999,0.0061979340219926685
2537,0.000357474622130394,90.53999999999999,0.000357474622130394,90.53999999999999,0.006184605131622792
2538,0.0003623717248439789,90.60000000000001,0.0003623717248439789,90.60000000000001,0.006171276241252917
2539,0.0003600166857242584,90.66,0.0003600166857242584,90.66,0.00615794735088304
2540,0.00036310386061668397,90.74,0.00036310386061668397,90.74,0.006144618460513163
2541,0.00035678321719169616,90.78,0.00035678321719169616,90.78,0.006131289570143287
2542,0.0003614877760410309,90.66,0.0003614877760410309,90.66,0.006117960679773408
2543,0.0003576903373003006,90.69,0.0003576903373003006,90.69,0.006104631789403531
2544,0.00035945115089416505,90.84,0.00035945115089416505,90.84,0.006091302899033655
2545,0.0003586323529481888,90.86,0.0003586323529481888,90.86,0.00607797400866378
2546,0.00035780695378780363,90.79,0.00035780695378780363,90.79,0.006064645118293903
2547,0.00035789842307567594,90.8,0.00035789842307567594,90.8,0.006051316227924026
2548,0.0003580170691013336,90.91,0.0003580170691013336,90.91,0.006037987337554149
2549,0.0003607752591371536,90.75,0.0003607752591371536,90.75,0.006024658447184273
2550,0.0003607361614704132,90.72,0.0003607361614704132,90.72,0.006011329556814394
2551,0.0003574828565120697,90.77,0.0003574828565120697,90.77,0.0059980006664445175
2552,0.0003747764348983765,90.19,0.0003747764348983765,90.19,0.005984671776074641
2553,0.0003657653599977493,90.79,0.0003657653599977493,90.79,0.005971342885704766
2554,0.0003584198445081711,90.73,0.0003584198445081711,90.73,0.005958013995334889
2555,0.0003617058753967285,90.89,0.0003617058753967285,90.89,0.005944685104965012
2556,0.0004287936419248581,88.98,0.0004287936419248581,88.98,0.0059313562145951355
2557,0.00036676290929317474,90.47,0.00036676290929317474,90.47,0.005918027324225259
2558,0.0003611996203660965,90.75999999999999,0.0003611996203660965,90.75999999999999,0.00590469843385538
2559,0.0003573746383190155,90.74,0.0003573746383190155,90.74,0.005891369543485504
2560,0.0003627853959798813,90.79,0.0003627853959798813,90.79,0.005878040653115627
2561,0.00036125334799289705,90.73,0.00036125334799289705,90.73,0.005864711762745752
2562,0.0003582309722900391,90.85,0.0003582309722900391,90.85,0.005851382872375875
2563,0.0003557603180408478,90.86999999999999,0.0003557603180408478,90.86999999999999,0.005838053982005998
2564,0.00036061123311519625,90.78,0.00036061123311519625,90.78,0.005824725091636122
2565,0.00035668594241142275,90.86,0.00035668594241142275,90.86,0.005811396201266245
2566,0.00035541029870510103,90.86,0.00035541029870510103,90.86,0.00579806731089637
2567,0.000361320099234581,90.69,0.000361320099234581,90.69,0.00578473842052649
2568,0.0003788940340280533,90.13,0.0003788940340280533,90.13,0.005771409530156615
2569,0.0003600903391838074,90.46,0.0003600903391838074,90.46,0.005758080639786738
2570,0.00037933097779750826,90.28,0.00037933097779750826,90.28,0.005744751749416861
2571,0.0003642447680234909,90.51,0.0003642447680234909,90.51,0.0057314228590469845
2572,0.00036591217517852785,90.53,0.00036591217517852785,90.53,0.005718093968677108
2573,0.00036045501828193665,90.64999999999999,0.00036045501828193665,90.64999999999999,0.005704765078307231
2574,0.0003575249284505844,90.61,0.0003575249284505844,90.61,0.005691436187937356
2575,0.00035685933232307434,90.8,0.00035685933232307434,90.8,0.005678107297567476
2576,0.00035065669715404513,90.83,0.00035065669715404513,90.83,0.005664778407197601
2577,0.0003521147072315216,90.82000000000001,0.0003521147072315216,90.82000000000001,0.005651449516827724
2578,0.0003652687966823578,90.69,0.0003652687966823578,90.69,0.005638120626457847
2579,0.0003553581893444061,90.88000000000001,0.0003553581893444061,90.88000000000001,0.005624791736087971
2580,0.00035567661821842196,90.82000000000001,0.00035567661821842196,90.82000000000001,0.005611462845718094
2581,0.0003659049242734909,90.58,0.0003659049242734909,90.58,0.005598133955348219
2582,0.00035474407076835633,90.79,0.00035474407076835633,90.79,0.005584805064978342
2583,0.0003580776184797287,90.74,0.0003580776184797287,90.74,0.005571476174608464
2584,0.0003648135423660278,90.64,0.0003648135423660278,90.64,0.005558147284238587
2585,0.00035829747021198273,90.75,0.00035829747021198273,90.75,0.00554481839386871
2586,0.0003534459799528122,90.99000000000001,0.0003534459799528122,90.99000000000001,0.0055314895034988334
2587,0.00035921203792095184,90.86,0.00035921203792095184,90.86,0.005518160613128957
2588,0.000357854363322258,90.57,0.000357854363322258,90.57,0.00550483172275908
2589,0.0003562288016080856,90.86999999999999,0.0003562288016080856,90.86999999999999,0.005491502832389205
2590,0.00035708309412002564,90.86999999999999,0.00035708309412002564,90.86999999999999,0.005478173942019328
2591,0.00035328696370124816,91.08000000000001,0.00035328696370124816,91.08000000000001,0.0054648450516494515
2592,0.00036166151463985443,90.81,0.00036166151463985443,90.81,0.005451516161279573
2593,0.00035722588002681734,90.96,0.00035722588002681734,90.96,0.005438187270909696
2594,0.0003548341751098633,90.96,0.0003548341751098633,90.96,0.0054248583805398196
2595,0.00036374393999576566,90.82000000000001,0.00036374393999576566,90.82000000000001,0.005411529490169943
2596,0.00036348467171192167,90.77,0.00036348467171192167,90.77,0.005398200599800068
2597,0.00035961535573005677,91.01,0.00035961535573005677,91.01,0.005384871709430191
2598,0.0003604456126689911,90.86999999999999,0.0003604456126689911,90.86999999999999,0.005371542819060314
2599,0.0003565947949886322,90.92,0.0003565947949886322,90.92,0.005358213928690438
2600,0.0003572325021028519,90.94,0.0003572325021028519,90.94,0.005344885038320559
2601,0.00035635675191879275,90.92,0.00035635675191879275,90.92,0.005331556147950682
2602,0.00035738685727119447,90.94,0.00035738685727119447,90.94,0.005318227257580806
2603,0.00035876125693321226,90.99000000000001,0.00035876125693321226,90.99000000000001,0.005304898367210929
2604,0.00035689336359500886,90.97,0.00035689336359500886,90.97,0.005291569476841054
2605,0.0003535319656133652,91.08000000000001,0.0003535319656133652,91.08000000000001,0.005278240586471177
2606,0.00035817237496376037,91.09,0.00035817237496376037,91.09,0.0052649116961013005
2607,0.00036055859327316283,90.85,0.00036055859327316283,90.85,0.005251582805731424
2608,0.0003739403069019318,90.39,0.0003739403069019318,90.39,0.005238253915361545
2609,0.0003530495673418045,90.95,0.0003530495673418045,90.95,0.0052249250249916685
2610,0.0003558264523744583,91.08000000000001,0.0003558264523744583,91.08000000000001,0.005211596134621792
2611,0.00036291040182113646,90.75999999999999,0.00036291040182113646,90.75999999999999,0.005198267244251915
2612,0.0004107109010219574,89.56,0.0004107109010219574,89.56,0.00518493835388204
2613,0.0003705412983894348,90.53999999999999,0.0003705412983894348,90.53999999999999,0.005171609463512163
2614,0.0003738098293542862,90.58,0.0003738098293542862,90.58,0.0051582805731422866
2615,0.0003629794865846634,90.68,0.0003629794865846634,90.68,0.00514495168277241
2616,0.0003611152321100235,90.69,0.0003611152321100235,90.69,0.005131622792402533
2617,0.0003573519617319107,90.78,0.0003573519617319107,90.78,0.005118293902032655
2618,0.0003580584108829498,90.91,0.0003580584108829498,90.91,0.005104965011662778
2619,0.00036453376710414887,90.82000000000001,0.00036453376710414887,90.82000000000001,0.005091636121292903
2620,0.0005667648047208786,86.39,0.0005667648047208786,86.39,0.005078307230923026
2621,0.0003619084298610687,90.69,0.0003619084298610687,90.69,0.005064978340553149
2622,0.00036510159373283384,90.63,0.00036510159373283384,90.63,0.005051649450183273
2623,0.0003592611014842987,90.72,0.0003592611014842987,90.72,0.005038320559813396
2624,0.0003595550626516342,90.72,0.0003595550626516342,90.72,0.005024991669443519
2625,0.00035566079914569856,90.78,0.00035566079914569856,90.78,0.005011662779073641
2626,0.00035868840515613555,90.62,0.00035868840515613555,90.62,0.004998333888703764
2627,0.000367154923081398,90.45,0.000367154923081398,90.45,0.004985004998333889
2628,0.0003544809430837631,90.59,0.0003544809430837631,90.59,0.004971676107964012
2629,0.0003670524775981903,90.51,0.0003670524775981903,90.51,0.0049583472175941355
2630,0.0003741528779268265,90.36,0.0003741528779268265,90.36,0.004945018327224259
2631,0.0003620540827512741,90.57,0.0003620540827512741,90.57,0.004931689436854382
2632,0.0003676086485385895,90.69,0.0003676086485385895,90.69,0.004918360546484507
2633,0.00036424309313297273,90.75,0.00036424309313297273,90.75,0.004905031656114627
2634,0.00036525444984436035,90.79,0.00036525444984436035,90.79,0.004891702765744752
2635,0.0003642975002527237,90.78,0.0003642975002527237,90.78,0.004878373875374875
2636,0.00036255076229572297,90.64,0.00036255076229572297,90.64,0.004865044985004998
2637,0.0003588860273361206,90.73,0.0003588860273361206,90.73,0.004851716094635122
2638,0.0003606183469295502,90.74,0.0003606183469295502,90.74,0.004838387204265245
2639,0.0003611721456050873,90.62,0.0003611721456050873,90.62,0.004825058313895368
2640,0.00036859608590602877,90.69,0.00036859608590602877,90.69,0.004811729423525493
2641,0.0003629413187503815,90.42999999999999,0.0003629413187503815,90.42999999999999,0.004798400533155616
2642,0.0003616462349891663,90.7,0.0003616462349891663,90.7,0.004785071642785738
2643,0.00037023840844631193,90.55,0.00037023840844631193,90.55,0.004771742752415861
2644,0.0003736455112695694,90.4,0.0003736455112695694,90.4,0.0047584138620459845
2645,0.0003705997586250305,90.62,0.0003705997586250305,90.62,0.004745084971676108
2646,0.0003562452077865601,90.75999999999999,0.0003562452077865601,90.75999999999999,0.004731756081306231
2647,0.0003623209625482559,90.71000000000001,0.0003623209625482559,90.71000000000001,0.004718427190936356
2648,0.00035631649792194366,90.88000000000001,0.00035631649792194366,90.88000000000001,0.004705098300566479
2649,0.00036102426648139955,90.75,0.00036102426648139955,90.75,0.0046917694101966025
2650,0.00035719855427742005,90.85,0.00035719855427742005,90.85,0.004678440519826724
2651,0.00035899401903152463,90.52,0.00035899401903152463,90.52,0.004665111629456847
2652,0.0003608325332403183,90.39,0.0003608325332403183,90.39,0.004651782739086971
2653,0.0003570165544748306,90.52,0.0003570165544748306,90.52,0.004638453848717094
2654,0.0003594396263360977,90.64999999999999,0.0003594396263360977,90.64999999999999,0.004625124958347217
2655,0.00036564312279224395,90.53999999999999,0.00036564312279224395,90.53999999999999,0.004611796067977342
2656,0.0003631300061941147,90.55,0.0003631300061941147,90.55,0.004598467177607465
2657,0.00035696103870868685,90.66,0.00035696103870868685,90.66,0.004585138287237589
2658,0.0003590367376804352,90.67,0.0003590367376804352,90.67,0.00457180939686771
2659,0.00035894063115119937,90.74,0.00035894063115119937,90.74,0.004558480506497833
2660,0.00035548648834228514,90.62,0.00035548648834228514,90.62,0.004545151616127957
2661,0.0003585681766271591,90.81,0.0003585681766271591,90.81,0.00453182272575808
2662,0.0003581436425447464,90.74,0.0003581436425447464,90.74,0.004518493835388203
2663,0.00035617301166057587,90.77,0.00035617301166057587,90.77,0.004505164945018328
2664,0.00035762148797512057,90.64,0.00035762148797512057,90.64,0.0044918360546484515
2665,0.0003916974246501923,90.24,0.0003916974246501923,90.24,0.004478507164278575
2666,0.0003624589651823044,90.75999999999999,0.0003624589651823044,90.75999999999999,0.004465178273908698
2667,0.00035800514221191406,90.7,0.00035800514221191406,90.7,0.0044518493835388195
2668,0.00035985545217990877,90.73,0.00035985545217990877,90.73,0.004438520493168943
2669,0.0003604958325624466,90.75999999999999,0.0003604958325624466,90.75999999999999,0.004425191602799066
2670,0.00035275886058807373,90.64,0.00035275886058807373,90.64,0.004411862712429191
2671,0.000360243347287178,90.59,0.000360243347287178,90.59,0.004398533822059314
2672,0.00035832443237304685,90.93,0.00035832443237304685,90.93,0.004385204931689438
2673,0.00036304013431072234,90.89,0.00036304013431072234,90.89,0.004371876041319563
2674,0.00037741344273090364,90.32,0.00037741344273090364,90.32,0.004358547150949684
2675,0.0003682428598403931,90.56,0.0003682428598403931,90.56,0.004345218260579806
2676,0.0003641147434711456,90.69,0.0003641147434711456,90.69,0.004331889370209931
2677,0.00036190088093280794,90.60000000000001,0.00036190088093280794,90.60000000000001,0.004318560479840052
2678,0.00038462254405021665,90.23,0.00038462254405021665,90.23,0.004305231589470177
2679,0.00036525386571884157,90.62,0.00036525386571884157,90.62,0.004291902699100299
2680,0.0003664056092500687,90.60000000000001,0.0003664056092500687,90.60000000000001,0.004278573808730424
2681,0.00036383326649665833,90.59,0.00036383326649665833,90.59,0.004265244918360549
2682,0.00037156960666179657,90.47,0.00037156960666179657,90.47,0.00425191602799067
2683,0.0003633621394634247,90.82000000000001,0.0003633621394634247,90.82000000000001,0.004238587137620792
2684,0.00035681332051753996,90.61,0.00035681332051753996,90.61,0.004225258247250917
2685,0.0003613259494304657,90.82000000000001,0.0003613259494304657,90.82000000000001,0.004211929356881038
2686,0.00035572103559970854,90.83,0.00035572103559970854,90.83,0.004198600466511163
2687,0.00035745976865291597,91.03,0.00035745976865291597,91.03,0.004185271576141285
2688,0.0003539085745811462,91.08000000000001,0.0003539085745811462,91.08000000000001,0.00417194268577141
2689,0.0003560569703578949,90.81,0.0003560569703578949,90.81,0.004158613795401535
2690,0.00035964345633983613,90.92,0.00035964345633983613,90.92,0.004145284905031656
2691,0.00035522943735122683,91.01,0.00035522943735122683,91.01,0.004131956014661781
2692,0.00035430611073970796,90.98,0.00035430611073970796,90.98,0.004118627124291903
2693,0.0003553840070962906,90.99000000000001,0.0003553840070962906,90.99000000000001,0.004105298233922024
2694,0.00035486810505390166,91.03999999999999,0.00035486810505390166,91.03999999999999,0.004091969343552149
2695,0.0003565555721521378,91.02,0.0003565555721521378,91.02,0.004078640453182271
2696,0.00035504032373428346,90.93,0.00035504032373428346,90.93,0.004065311562812396
2697,0.0003688281714916229,90.49000000000001,0.0003688281714916229,90.49000000000001,0.004051982672442521
2698,0.00035386818051338193,90.84,0.00035386818051338193,90.84,0.0040386537820726424
2699,0.00035793236196041107,90.68,0.00035793236196041107,90.68,0.0040253248917027674
2700,0.00035701565146446226,91.02,0.00035701565146446226,91.02,0.004011996001332889
2701,0.0003534183621406555,90.95,0.0003534183621406555,90.95,0.0039986671109630105
2702,0.0003641357749700546,90.66,0.0003641357749700546,90.66,0.0039853382205931355
2703,0.0003630370557308197,90.64999999999999,0.0003630370557308197,90.64999999999999,0.0039720093302232605
2704,0.0003659388720989227,90.66,0.0003659388720989227,90.66,0.003958680439853382
2705,0.00036156173646450043,90.69,0.00036156173646450043,90.69,0.003945351549483507
2706,0.0003605080783367157,90.82000000000001,0.0003605080783367157,90.82000000000001,0.0039320226591136286
2707,0.0003560990512371063,90.94,0.0003560990512371063,90.94,0.0039186937687437536
2708,0.0003798023670911789,90.14999999999999,0.0003798023670911789,90.14999999999999,0.003905364878373875
2709,0.0003637703239917755,90.84,0.0003637703239917755,90.84,0.0038920359880039966
2710,0.00036014708876609805,90.84,0.00036014708876609805,90.84,0.0038787070976341216
2711,0.0003679746627807617,90.61,0.0003679746627807617,90.61,0.0038653782072642466
2712,0.00036091929376125335,90.93,0.00036091929376125335,90.93,0.003852049316894368
2713,0.0003627743422985077,90.82000000000001,0.0003627743422985077,90.82000000000001,0.003838720426524493
2714,0.0003591447055339813,90.95,0.0003591447055339813,90.95,0.0038253915361546147
2715,0.0003616860270500183,90.99000000000001,0.0003616860270500183,90.99000000000001,0.0038120626457847397
2716,0.00035729904770851134,90.97,0.00035729904770851134,90.97,0.003798733755414861
2717,0.00035647551119327546,91.12,0.00035647551119327546,91.12,0.0037854048650449827
2718,0.0003555677026510239,91.07,0.0003555677026510239,91.07,0.0037720759746751077
2719,0.00036795522570610045,90.74,0.00036795522570610045,90.74,0.0037587470843052327
2720,0.00035943909883499143,90.92,0.00035943909883499143,90.92,0.0037454181939353542
2721,0.00036043381690979004,90.83,0.00036043381690979004,90.83,0.0037320893035654792
2722,0.00036065464913845064,90.58,0.00036065464913845064,90.58,0.0037187604131956008
2723,0.0003626358449459076,90.67,0.0003626358449459076,90.67,0.0037054315228257258
2724,0.0003624497026205063,90.7,0.0003624497026205063,90.7,0.0036921026324558508
2725,0.0003740258753299713,90.53,0.0003740258753299713,90.53,0.003678773742085969
2726,0.0003612442195415497,90.68,0.0003612442195415497,90.68,0.003665444851716094
2727,0.000372178453207016,90.58,0.000372178453207016,90.58,0.003652115961346219
2728,0.00036450468599796295,90.67,0.00036450468599796295,90.67,0.0036387870709763404
2729,0.00036561080813407896,90.63,0.00036561080813407896,90.63,0.0036254581806064654
2730,0.000366834357380867,90.56,0.000366834357380867,90.56,0.003612129290236587
2731,0.00036026936173439025,90.66,0.00036026936173439025,90.66,0.003598800399866712
2732,0.00036499366760253904,90.78,0.00036499366760253904,90.78,0.003585471509496837
2733,0.0003653601825237274,90.69,0.0003653601825237274,90.69,0.0035721426191269584
2734,0.0003606031119823456,90.75,0.0003606031119823456,90.75,0.00355881372875708
2735,0.00036145328879356385,90.86999999999999,0.00036145328879356385,90.86999999999999,0.003545484838387205
2736,0.00038124211430549623,89.97,0.00038124211430549623,89.97,0.0035321559480173265
2737,0.0003576477348804474,90.62,0.0003576477348804474,90.62,0.0035188270576474515
2738,0.0003654312789440155,90.56,0.0003654312789440155,90.56,0.003505498167277573
2739,0.00036260238885879516,90.63,0.00036260238885879516,90.63,0.003492169276907698
2740,0.00036376707553863527,90.63,0.00036376707553863527,90.63,0.003478840386537823
2741,0.0003632566004991531,90.7,0.0003632566004991531,90.7,0.0034655114961679445
2742,0.00035701177418231967,90.86,0.00035701177418231967,90.86,0.003452182605798066
2743,0.0003639615774154663,90.74,0.0003639615774154663,90.74,0.003438853715428191
2744,0.00036075657308101656,90.81,0.00036075657308101656,90.81,0.0034255248250583126
2745,0.00036452073752880096,90.84,0.00036452073752880096,90.84,0.0034121959346884376
2746,0.00036221127808094025,90.95,0.00036221127808094025,90.95,0.003398867044318559
2747,0.000363833549618721,90.8,0.000363833549618721,90.8,0.003385538153948684
2748,0.00035980517864227295,90.8,0.00035980517864227295,90.8,0.003372209263578809
2749,0.00036312295794487,90.73,0.00036312295794487,90.73,0.0033588803732089306
2750,0.00035834467709064486,90.78,0.00035834467709064486,90.78,0.003345551482839052
2751,0.00036376278400421144,90.79,0.00036376278400421144,90.79,0.003332222592469177
2752,0.0003594213455915451,90.9,0.0003594213455915451,90.9,0.0033188937020992987
2753,0.0003605017751455307,90.86999999999999,0.0003605017751455307,90.86999999999999,0.0033055648117294237
2754,0.00036078363060951235,90.91,0.00036078363060951235,90.91,0.0032922359213595487
2755,0.00036022885739803314,90.83,0.00036022885739803314,90.83,0.00327890703098967
2756,0.0003614296704530716,90.69,0.0003614296704530716,90.69,0.003265578140619795
2757,0.0003617345005273819,90.60000000000001,0.0003617345005273819,90.60000000000001,0.0032522492502499167
2758,0.00035971023440361025,90.71000000000001,0.00035971023440361025,90.71000000000001,0.0032389203598800383
2759,0.0003616089463233948,90.82000000000001,0.0003616089463233948,90.82000000000001,0.0032255914695101633
2760,0.0003613791912794113,90.86999999999999,0.0003613791912794113,90.86999999999999,0.003212262579140285
2761,0.00036172911524772643,90.85,0.00036172911524772643,90.85,0.00319893368877041
2762,0.0003613092541694641,90.79,0.0003613092541694641,90.79,0.003185604798400535
2763,0.00035582807958126067,90.84,0.00035582807958126067,90.84,0.0031722759080306563
2764,0.00036177444159984587,90.83,0.00036177444159984587,90.83,0.0031589470176607813
2765,0.00035635080337524417,90.79,0.00035635080337524417,90.79,0.003145618127290903
2766,0.0003600112408399582,90.88000000000001,0.0003600112408399582,90.88000000000001,0.0031322892369210244
2767,0.00035724987983703615,90.95,0.00035724987983703615,90.95,0.0031189603465511494
2768,0.00036094367802143095,90.89,0.00036094367802143095,90.89,0.003105631456181271
2769,0.00036431468427181247,90.83,0.00036431468427181247,90.83,0.003092302565811396
2770,0.00036801394820213317,90.75,0.00036801394820213317,90.75,0.003078973675441521
2771,0.00036208110451698306,90.69,0.00036208110451698306,90.69,0.0030656447850716424
2772,0.00036375743746757506,90.77,0.00036375743746757506,90.77,0.0030523158947017674
2773,0.000365482622385025,90.59,0.000365482622385025,90.59,0.003038987004331889
2774,0.00035788728594779966,90.72,0.00035788728594779966,90.72,0.003025658113962014
2775,0.00035894176363945006,90.83,0.00035894176363945006,90.83,0.0030123292235921355
2776,0.00036341247856616973,90.71000000000001,0.00036341247856616973,90.71000000000001,0.002999000333222257
2777,0.00035997312664985654,90.88000000000001,0.00035997312664985654,90.88000000000001,0.002985671442852382
2778,0.00036370359063148496,90.85,0.00036370359063148496,90.85,0.002972342552482507
2779,0.0003543185234069824,91.01,0.0003543185234069824,91.01,0.0029590136621126285
2780,0.00036174933314323427,90.72,0.00036174933314323427,90.72,0.0029456847717427535
2781,0.00036151783764362336,90.64,0.00036151783764362336,90.64,0.002932355881372875
2782,0.00035738013982772825,90.83,0.00035738013982772825,90.83,0.002919026991003
2783,0.0003578565835952759,90.85,0.0003578565835952759,90.85,0.0029056981006331216
2784,0.0003770258992910385,90.49000000000001,0.0003770258992910385,90.49000000000001,0.0028923692102632466
2785,0.00036614795625209806,90.59,0.00036614795625209806,90.59,0.002879040319893368
2786,0.0003696691572666168,90.68,0.0003696691572666168,90.68,0.002865711429523493
2787,0.00038325712978839874,90.21000000000001,0.00038325712978839874,90.21000000000001,0.0028523825391536146
2788,0.0003718468099832535,90.57,0.0003718468099832535,90.57,0.0028390536487837396
2789,0.0003688430905342102,90.67,0.0003688430905342102,90.67,0.002825724758413861
2790,0.0003716225296258926,90.61,0.0003716225296258926,90.61,0.002812395868043986
2791,0.000369601508975029,90.60000000000001,0.000369601508975029,90.60000000000001,0.0027990669776741077
2792,0.00036933647394180296,90.72,0.00036933647394180296,90.72,0.0027857380873042327
2793,0.0003655200034379959,90.81,0.0003655200034379959,90.81,0.0027724091969343542
2794,0.00036822178661823275,90.95,0.00036822178661823275,90.95,0.0027590803065644792
2795,0.0003650232136249542,90.82000000000001,0.0003650232136249542,90.82000000000001,0.0027457514161946008
2796,0.00036602862477302554,90.63,0.00036602862477302554,90.63,0.0027324225258247258
2797,0.0003625558376312256,90.79,0.0003625558376312256,90.79,0.0027190936354548473
2798,0.0003798857897520065,90.38000000000001,0.0003798857897520065,90.38000000000001,0.0027057647450849723
2799,0.00037169493436813353,90.66,0.00037169493436813353,90.66,0.0026924358547150973
2800,0.0003665888249874115,90.66,0.0003665888249874115,90.66,0.002679106964345219
2801,0.00036845740377902984,90.72,0.00036845740377902984,90.72,0.0026657780739753403
2802,0.0003709881365299225,90.77,0.0003709881365299225,90.77,0.0026524491836054653
2803,0.00037050405740737916,90.8,0.00037050405740737916,90.8,0.002639120293235587
2804,0.0003695023119449615,90.78,0.0003695023119449615,90.78,0.002625791402865712
2805,0.00036837859749794006,90.72,0.00036837859749794006,90.72,0.002612462512495837
2806,0.0003649996519088745,90.7,0.0003649996519088745,90.7,0.0025991336221259584
2807,0.0003666050493717194,90.75,0.0003666050493717194,90.75,0.0025858047317560834
2808,0.00036712097227573396,90.82000000000001,0.00036712097227573396,90.82000000000001,0.002572475841386205
2809,0.00036619950234889983,90.61,0.00036619950234889983,90.61,0.0025591469510163264
2810,0.00037006824016571043,90.72,0.00037006824016571043,90.72,0.0025458180606464514
2811,0.0003681317985057831,90.82000000000001,0.0003681317985057831,90.82000000000001,0.002532489170276573
2812,0.00036617257595062254,90.84,0.00036617257595062254,90.84,0.002519160279906698
2813,0.00036472006142139436,90.78,0.00036472006142139436,90.78,0.002505831389536823
2814,0.0003633267939090729,90.77,0.0003633267939090729,90.77,0.0024925024991669445
2815,0.00036517538130283357,90.86,0.00036517538130283357,90.86,0.0024791736087970695
2816,0.0003631729006767273,90.83,0.0003631729006767273,90.83,0.002465844718427191
2817,0.00036205722987651826,90.73,0.00036205722987651826,90.73,0.0024525158280573126
2818,0.0003739569306373596,90.41,0.0003739569306373596,90.41,0.0024391869376874376
2819,0.00036817837059497835,90.64999999999999,0.00036817837059497835,90.64999999999999,0.002425858047317559
2820,0.00037258807718753813,90.68,0.00037258807718753813,90.68,0.002412529156947684
2821,0.0003677621245384216,90.60000000000001,0.0003677621245384216,90.60000000000001,0.002399200266577809
2822,0.0003663652092218399,90.68,0.0003663652092218399,90.68,0.0023858713762079306
2823,0.0003646293818950653,90.59,0.0003646293818950653,90.59,0.0023725424858380556
2824,0.00036834306120872497,90.66,0.00036834306120872497,90.66,0.002359213595468177
2825,0.0003618288904428482,90.74,0.0003618288904428482,90.74,0.0023458847050982987
2826,0.0003628462880849838,90.72,0.0003628462880849838,90.72,0.0023325558147284237
2827,0.0003629383355379105,90.64,0.0003629383355379105,90.64,0.002319226924358545
2828,0.000365469428896904,90.69,0.000365469428896904,90.69,0.00230589803398867
2829,0.0003635966390371323,90.84,0.0003635966390371323,90.84,0.002292569143618795
2830,0.000367416250705719,90.81,0.000367416250705719,90.81,0.0022792402532489167
2831,0.00036270411014556887,90.75,0.00036270411014556887,90.75,0.0022659113628790417
2832,0.00036118343472480775,90.74,0.00036118343472480775,90.74,0.0022525824725091632
2833,0.0003629315972328186,90.73,0.0003629315972328186,90.73,0.0022392535821392848
2834,0.0003662724882364273,90.7,0.0003662724882364273,90.7,0.0022259246917694098
2835,0.0003619235336780548,90.66,0.0003619235336780548,90.66,0.0022125958013995348
2836,0.0003611658275127411,90.69,0.0003611658275127411,90.69,0.0021992669110296563
2837,0.00036018753349781037,90.8,0.00036018753349781037,90.8,0.0021859380206597813
2838,0.00036031244993209836,90.73,0.00036031244993209836,90.73,0.002172609130289903
2839,0.00036187781393527983,90.74,0.00036187781393527983,90.74,0.002159280239920028
2840,0.0003590530753135681,90.68,0.0003590530753135681,90.68,0.0021459513495501494
2841,0.00036736110150814057,90.57,0.00036736110150814057,90.57,0.002132622459180271
2842,0.00036483666002750395,90.64,0.00036483666002750395,90.64,0.002119293568810396
2843,0.00036499932408332823,90.69,0.00036499932408332823,90.69,0.002105964678440521
2844,0.0003668124556541443,90.57,0.0003668124556541443,90.57,0.0020926357880706424
2845,0.00036913374364376067,90.67,0.00036913374364376067,90.67,0.0020793068977007674
2846,0.00036693723499774936,90.64,0.00036693723499774936,90.64,0.002065978007330889
2847,0.0003668256878852844,90.57,0.0003668256878852844,90.57,0.002052649116961014
2848,0.0003658123880624771,90.61,0.0003658123880624771,90.61,0.0020393202265911355
2849,0.00036892089545726775,90.74,0.00036892089545726775,90.74,0.0020259913362212605
2850,0.00037001134753227233,90.81,0.00037001134753227233,90.81,0.002012662445851382
2851,0.0003628000646829605,90.75,0.0003628000646829605,90.75,0.002
2852,0.00036490678787231445,90.78,0.00036490678787231445,90.78,0.002
2853,0.00036851072907447815,90.7,0.00036851072907447815,90.7,0.002
2854,0.00036271786093711856,90.75999999999999,0.00036271786093711856,90.75999999999999,0.002
2855,0.00036917168498039245,90.75999999999999,0.00036917168498039245,90.75999999999999,0.002
2856,0.0003650868982076645,90.81,0.0003650868982076645,90.81,0.002
2857,0.00036530596613883973,90.63,0.00036530596613883973,90.63,0.002
2858,0.0003604190617799759,90.64999999999999,0.0003604190617799759,90.64999999999999,0.002
2859,0.00036421123147010803,90.73,0.00036421123147010803,90.73,0.002
2860,0.00036547765135765077,90.69,0.00036547765135765077,90.69,0.002
2861,0.00036301813423633575,90.75,0.00036301813423633575,90.75,0.002
2862,0.00036313779056072233,90.84,0.00036313779056072233,90.84,0.002
2863,0.000450455042719841,88.55,0.000450455042719841,88.55,0.002
2864,0.0003682667583227158,90.44,0.0003682667583227158,90.44,0.002
2865,0.0003691657096147537,90.5,0.0003691657096147537,90.5,0.002
2866,0.00037088468670845034,90.60000000000001,0.00037088468670845034,90.60000000000001,0.002
2867,0.00037372833788394926,90.59,0.00037372833788394926,90.59,0.002
2868,0.00036843045353889464,90.74,0.00036843045353889464,90.74,0.002
2869,0.00037249288558959963,90.63,0.00037249288558959963,90.63,0.002
2870,0.00037087341248989106,90.49000000000001,0.00037087341248989106,90.49000000000001,0.002
2871,0.0003689662128686905,90.49000000000001,0.0003689662128686905,90.49000000000001,0.002
2872,0.00036854282021522524,90.57,0.00036854282021522524,90.57,0.002
2873,0.0003772882640361786,90.62,0.0003772882640361786,90.62,0.002
2874,0.00037270356714725494,90.67,0.00037270356714725494,90.67,0.002
2875,0.00037108621299266817,90.62,0.00037108621299266817,90.62,0.002
2876,0.000368151131272316,90.68,0.000368151131272316,90.68,0.002
2877,0.00037308633923530577,90.58,0.00037308633923530577,90.58,0.002
2878,0.0003695345252752304,90.59,0.0003695345252752304,90.59,0.002
2879,0.00036689148247241976,90.82000000000001,0.00036689148247241976,90.82000000000001,0.002
2880,0.0003708327412605286,90.53,0.0003708327412605286,90.53,0.002
2881,0.0003695211887359619,90.60000000000001,0.0003695211887359619,90.60000000000001,0.002
2882,0.0003702986031770706,90.53999999999999,0.0003702986031770706,90.53999999999999,0.002
2883,0.00036945481300354005,90.57,0.00036945481300354005,90.57,0.002
2884,0.0003716226071119308,90.68,0.0003716226071119308,90.68,0.002
2885,0.0003685630053281784,90.58,0.0003685630053281784,90.58,0.002
2886,0.0003710934430360794,90.58,0.0003710934430360794,90.58,0.002
2887,0.00037576074600219724,90.72,0.00037576074600219724,90.72,0.002
2888,0.00036751529574394226,90.64999999999999,0.00036751529574394226,90.64999999999999,0.002
2889,0.00036683030724525453,90.63,0.00036683030724525453,90.63,0.002
2890,0.0003685763418674469,90.63,0.0003685763418674469,90.63,0.002
2891,0.00037003004550933836,90.79,0.00037003004550933836,90.79,0.002
2892,0.0003683830291032791,90.75999999999999,0.0003683830291032791,90.75999999999999,0.002
2893,0.00036570546627044676,90.71000000000001,0.00036570546627044676,90.71000000000001,0.002
2894,0.00036838373243808746,90.66,0.00036838373243808746,90.66,0.002
2895,0.00036585583686828615,90.68,0.00036585583686828615,90.68,0.002
2896,0.00037061547935009003,90.53,0.00037061547935009003,90.53,0.002
2897,0.00036678658425807955,90.63,0.00036678658425807955,90.63,0.002
2898,0.0003676230639219284,90.7,0.0003676230639219284,90.7,0.002
2899,0.00037291383445262906,90.64999999999999,0.00037291383445262906,90.64999999999999,0.002
2900,0.00037149564027786253,90.71000000000001,0.00037149564027786253,90.71000000000001,0.002
2901,0.00036380546689033507,90.7,0.00036380546689033507,90.7,0.002
2902,0.0003657216191291809,90.61,0.0003657216191291809,90.61,0.002
2903,0.0003668909519910812,90.62,0.0003668909519910812,90.62,0.002
2904,0.00036728672683238983,90.61,0.00036728672683238983,90.61,0.002
2905,0.0003681236922740936,90.64999999999999,0.0003681236922740936,90.64999999999999,0.002
2906,0.00036578091979026794,90.60000000000001,0.00036578091979026794,90.60000000000001,0.002
2907,0.00036418088078498843,90.78,0.00036418088078498843,90.78,0.002
2908,0.0003650451987981796,90.78,0.0003650451987981796,90.78,0.002
2909,0.00036426917016506196,90.72,0.00036426917016506196,90.72,0.002
2910,0.00035868290662765504,90.59,0.00035868290662765504,90.59,0.002
2911,0.00037072051167488096,90.5,0.00037072051167488096,90.5,0.002
2912,0.0003689709156751633,90.62,0.0003689709156751633,90.62,0.002
2913,0.00036709764301776884,90.74,0.00036709764301776884,90.74,0.002
2914,0.00037114653885364534,90.64999999999999,0.00037114653885364534,90.64999999999999,0.002
2915,0.00037318670749664305,90.75999999999999,0.00037318670749664305,90.75999999999999,0.002
2916,0.00037315421104431153,90.71000000000001,0.00037315421104431153,90.71000000000001,0.002
2917,0.0003718708872795105,90.79,0.0003718708872795105,90.79,0.002
2918,0.000370602935552597,90.68,0.000370602935552597,90.68,0.002
2919,0.0003719876080751419,90.71000000000001,0.0003719876080751419,90.71000000000001,0.002
2920,0.0003684118688106537,90.75999999999999,0.0003684118688106537,90.75999999999999,0.002
2921,0.00037586709558963777,90.44,0.00037586709558963777,90.44,0.002
2922,0.0003710241258144379,90.7,0.0003710241258144379,90.7,0.002
2923,0.0003756554841995239,90.64999999999999,0.0003756554841995239,90.64999999999999,0.002
2924,0.00037372353971004484,90.67,0.00037372353971004484,90.67,0.002
2925,0.00037113014459609986,90.62,0.00037113014459609986,90.62,0.002
2926,0.00036951174437999725,90.68,0.00036951174437999725,90.68,0.002
2927,0.0003685147732496262,90.75999999999999,0.0003685147732496262,90.75999999999999,0.002
2928,0.0003711238384246826,90.75,0.0003711238384246826,90.75,0.002
2929,0.00037046712338924406,90.8,0.00037046712338924406,90.8,0.002
2930,0.0003707831263542175,90.62,0.0003707831263542175,90.62,0.002
2931,0.00036897159218788147,90.67,0.00036897159218788147,90.67,0.002
2932,0.00036516760885715486,90.75,0.00036516760885715486,90.75,0.002
2933,0.0003669704794883728,90.78,0.0003669704794883728,90.78,0.002
2934,0.00036116450130939485,90.83,0.00036116450130939485,90.83,0.002
2935,0.0003698117822408676,90.8,0.0003698117822408676,90.8,0.002
2936,0.00036559174954891205,90.72,0.00036559174954891205,90.72,0.002
2937,0.0003689768224954605,90.83,0.0003689768224954605,90.83,0.002
2938,0.00037088506817817686,90.66,0.00037088506817817686,90.66,0.002
2939,0.0003660352528095245,90.79,0.0003660352528095245,90.79,0.002
2940,0.0003644178569316864,90.92,0.0003644178569316864,90.92,0.002
2941,0.00036105667948722837,90.88000000000001,0.00036105667948722837,90.88000000000001,0.002
2942,0.0003723730444908142,90.64,0.0003723730444908142,90.64,0.002
2943,0.000366220623254776,90.81,0.000366220623254776,90.81,0.002
2944,0.0003665458053350449,90.82000000000001,0.0003665458053350449,90.82000000000001,0.002
2945,0.0003644338548183441,90.74,0.0003644338548183441,90.74,0.002
2946,0.00036247788071632386,90.84,0.00036247788071632386,90.84,0.002
2947,0.0003637192279100418,90.85,0.0003637192279100418,90.85,0.002
2948,0.0003647787243127823,90.89,0.0003647787243127823,90.89,0.002
2949,0.0003659290611743927,90.88000000000001,0.0003659290611743927,90.88000000000001,0.002
2950,0.00036475252211093904,90.75,0.00036475252211093904,90.75,0.002
2951,0.0003660090833902359,90.77,0.0003660090833902359,90.77,0.002
2952,0.0003635373175144196,90.68,0.0003635373175144196,90.68,0.002
2953,0.00036358745694160463,90.95,0.00036358745694160463,90.95,0.002
2954,0.0003640047460794449,90.91,0.0003640047460794449,90.91,0.002
2955,0.00036026408672332763,90.91,0.00036026408672332763,90.91,0.002
2956,0.0003628337353467941,91.02,0.0003628337353467941,91.02,0.002
2957,0.00036176604926586154,91.08000000000001,0.00036176604926586154,91.08000000000001,0.002
2958,0.0003607638090848923,91.01,0.0003607638090848923,91.01,0.002
2959,0.0003633164435625076,91.0,0.0003633164435625076,91.0,0.002
2960,0.00036760927736759186,90.79,0.00036760927736759186,90.79,0.002
2961,0.00035900862514972687,90.94,0.00035900862514972687,90.94,0.002
2962,0.00036209050714969634,90.95,0.00036209050714969634,90.95,0.002
2963,0.00035670554041862486,90.96,0.00035670554041862486,90.96,0.002
2964,0.0003584491044282913,90.94,0.0003584491044282913,90.94,0.002
2965,0.00036139900982379915,90.93,0.00036139900982379915,90.93,0.002
2966,0.00037955572605133056,90.44,0.00037955572605133056,90.44,0.002
2967,0.00036840580105781555,90.64999999999999,0.00036840580105781555,90.64999999999999,0.002
2968,0.00036477177739143373,90.82000000000001,0.00036477177739143373,90.82000000000001,0.002
2969,0.00036450459063053133,90.88000000000001,0.00036450459063053133,90.88000000000001,0.002
2970,0.0003594776511192322,90.8,0.0003594776511192322,90.8,0.002
2971,0.0003626058340072632,90.85,0.0003626058340072632,90.85,0.002
2972,0.00036160424947738646,90.95,0.00036160424947738646,90.95,0.002
2973,0.00035946172177791597,90.97,0.00035946172177791597,90.97,0.002
2974,0.0003622649848461151,90.82000000000001,0.0003622649848461151,90.82000000000001,0.002
2975,0.0003563557982444763,90.78,0.0003563557982444763,90.78,0.002
2976,0.00035579240918159487,91.02,0.00035579240918159487,91.02,0.002
2977,0.0003637642562389374,90.86,0.0003637642562389374,90.86,0.002
2978,0.0003615363299846649,90.94,0.0003615363299846649,90.94,0.002
2979,0.00036166550517082217,90.92,0.00036166550517082217,90.92,0.002
2980,0.00037045333683490754,90.58,0.00037045333683490754,90.58,0.002
2981,0.0003647002905607224,90.69,0.0003647002905607224,90.69,0.002
2982,0.0003619671881198883,90.78,0.0003619671881198883,90.78,0.002
2983,0.00036763454973697663,90.64,0.00036763454973697663,90.64,0.002
2984,0.0003594959706068039,90.64999999999999,0.0003594959706068039,90.64999999999999,0.002
2985,0.00036091873347759247,90.86999999999999,0.00036091873347759247,90.86999999999999,0.002
2986,0.00036683900356292723,90.83,0.00036683900356292723,90.83,0.002
2987,0.000360902401804924,90.75999999999999,0.000360902401804924,90.75999999999999,0.002
2988,0.00035833696722984315,90.82000000000001,0.00035833696722984315,90.82000000000001,0.002
2989,0.00036101909279823304,90.81,0.00036101909279823304,90.81,0.002
2990,0.00035804443359375,90.77,0.00035804443359375,90.77,0.002
2991,0.0003652689695358276,90.96,0.0003652689695358276,90.96,0.002
2992,0.00036923896074295045,90.63,0.00036923896074295045,90.63,0.002
2993,0.0003648318588733673,90.7,0.0003648318588733673,90.7,0.002
2994,0.0003601128876209259,90.84,0.0003601128876209259,90.84,0.002
2995,0.0003630896151065826,90.8,0.0003630896151065826,90.8,0.002
2996,0.0003634969264268875,90.84,0.0003634969264268875,90.84,0.002
2997,0.0003647367775440216,90.78,0.0003647367775440216,90.78,0.002
2998,0.00036309820115566256,90.9,0.00036309820115566256,90.9,0.002
2999,0.0003637083739042282,90.83,0.0003637083739042282,90.83,0.002
3000,0.00036310978531837464,90.82000000000001,0.00036310978531837464,90.82000000000001,0.002
